Divisions,Station,Garda,Sergt,Insp,Superintendent,chief_superintendent,Assistant_Commissioner,Grand Total,Year
CAVAN / MONAGHAN,BAILIEBORO,30,8,1,1,,,40,2011
CAVAN / MONAGHAN,BALLYJAMESDUFF,3,1,,,,,4,2011
CAVAN / MONAGHAN,COOTEHILL,8,1,,,,,9,2011
CAVAN / MONAGHAN,KINGSCOURT,5,1,,,,,6,2011
CAVAN / MONAGHAN,MULLAGH,2,,,,,,2,2011
CAVAN / MONAGHAN,SHERCOCK,1,1,,,,,2,2011
CAVAN / MONAGHAN,VIRGINIA,4,1,,,,,5,2011
CAVAN / MONAGHAN,BALLYCONNELL,23,4,,1,,,28,2011
CAVAN / MONAGHAN,BAWNBOY,1,,,,,,1,2011
CAVAN / MONAGHAN,BELTURBET,3,1,,,,,4,2011
CAVAN / MONAGHAN,BLACKLION,2,1,,,,,3,2011
CAVAN / MONAGHAN,DOWRA,1,,,,,,1,2011
CAVAN / MONAGHAN,KILLESHANDRA,1,,,,,,1,2011
CAVAN / MONAGHAN,SWANLINBAR,,1,,,,,1,2011
CAVAN / MONAGHAN,BALLYBAY,4,1,,,,,5,2011
CAVAN / MONAGHAN,CARRICKMACROSS,36,8,1,1,,,46,2011
CAVAN / MONAGHAN,CASTLEBLANEY,20,4,,,,,24,2011
CAVAN / MONAGHAN,CORRINSHIGAGH,1,,,,,,1,2011
CAVAN / MONAGHAN,ROCKCORRY,1,,,,,,1,2011
CAVAN / MONAGHAN,SHANTONAGH,1,1,,,,,2,2011
CAVAN / MONAGHAN,ARVA,2,1,,,,,3,2011
CAVAN / MONAGHAN,BALLINAGH,1,1,,,,,2,2011
CAVAN / MONAGHAN,CAVAN,50,9,2,1,,,62,2011
CAVAN / MONAGHAN,KILNALECK,3,1,,,,,4,2011
CAVAN / MONAGHAN,REDHILLS,1,,,,,,1,2011
CAVAN / MONAGHAN,STRADONE,1,,,,,,1,2011
CAVAN / MONAGHAN,CLONES,6,1,,,,,7,2011
CAVAN / MONAGHAN,EMYVALE,3,1,,,,,4,2011
CAVAN / MONAGHAN,MONAGHAN,67,15,2,2,,,86,2011
CAVAN / MONAGHAN,NEWBLISS,1,,,,,,1,2011
CAVAN / MONAGHAN,SCOTSTOWN,2,1,,,,,3,2011
CLARE,CRUSHEEN,1,,,,,,1,2011
CLARE,ENNIS,101,14,2,1,1,,119,2011
CLARE,IMMIGRATION OFFICE,5,,,,,,5,2011
CLARE,LISSYCASEY,1,,,,,,1,2011
CLARE,NEWMARKET ON FERGUS,3,,,,,,3,2011
CLARE,QUIN,1,,,,,,1,2011
CLARE,SHANNON,53,8,1,,,,62,2011
CLARE,SIXMILEBRIDGE,3,1,,,,,4,2011
CLARE,BALLYVAUGHAN,1,,,,,,1,2011
CLARE,COROFIN,1,,,,,,1,2011
CLARE,ENNISTYMON,21,3,,1,,,25,2011
CLARE,INAGH,1,,,,,,1,2011
CLARE,LAHINCH,2,,,,,,2,2011
CLARE,LISDOONVARNA,1,,,,,,1,2011
CLARE,MILTOWN MALBAY,2,1,,,,,3,2011
CLARE,BROADFORD,1,,,,,,1,2011
CLARE,KILLALOE,27,5,1,,,,33,2011
CLARE,MOUNTSHANNON,1,,,,,,1,2011
CLARE,SCARIFF,4,1,,,,,5,2011
CLARE,TULLA,2,,,,,,2,2011
CLARE,KILDYSART,1,,,,,,1,2011
CLARE,KILKEE,2,,,,,,2,2011
CLARE,KILMIHIL,1,,,,,,1,2011
CLARE,KILRUSH,27,4,,1,,,32,2011
CORK CITY,ANGLESEA STREET,218,42,10,3,1,,274,2011
CORK CITY,BARRACK STREET,17,5,,,,,22,2011
CORK CITY,BLACKROCK,25,4,,,,,29,2011
CORK CITY,BRIDEWELL,19,5,,,,,24,2011
CORK CITY,BALLINCOLLIG,23,2,,,,,25,2011
CORK CITY,BLARNEY,15,2,,,,,17,2011
CORK CITY,GURRANABRAHER,47,6,1,1,,,55,2011
CORK CITY,RATHDUFF GRENAGH,2,,,,,,2,2011
CORK CITY,MALLOW ROAD,4,1,,,,,5,2011
CORK CITY,MAYFIELD,44,7,1,1,,,53,2011
CORK CITY,WATERCOURSE ROAD,45,7,,,,,52,2011
CORK CITY,BISHOPSTOWN,20,4,,,,,24,2011
CORK CITY,CARRIGALINE,18,2,,,,,20,2011
CORK CITY,CROSSHAVEN,2,1,,,,,3,2011
CORK CITY,DOUGLAS,22,5,,,,,27,2011
CORK CITY,PASSAGE WEST,2,1,,,,,3,2011
CORK CITY,TOGHER,45,8,1,1,,,55,2011
CORK NORTH,CARRIG NA BHFEAR,1,,,,,,1,2011
CORK NORTH,CARRIGTWOHILL,2,1,,,,,3,2011
CORK NORTH,COBH,30,6,1,1,,,38,2011
CORK NORTH,GLANMIRE,18,4,,,,,22,2011
CORK NORTH,GLENVILLE,1,,,,,,1,2011
CORK NORTH,WATERGRASSHILL,1,,,,,,1,2011
CORK NORTH,BALLYNOE,1,,,,,,1,2011
CORK NORTH,CASTLETOWNROCHE,2,,,,,,2,2011
CORK NORTH,FERMOY,46,8,1,1,,,56,2011
CORK NORTH,KILDORRERY,1,,,,,,1,2011
CORK NORTH,KILWORTH,2,,,,,,2,2011
CORK NORTH,MITCHELSTOWN,20,3,,,,,23,2011
CORK NORTH,RATHCORMAC,1,,,,,,1,2011
CORK NORTH,BUTTEVANT,1,,,,,,1,2011
CORK NORTH,CHARLEVILLE,14,3,,,,,17,2011
CORK NORTH,DONERAILE,2,,,,,,2,2011
CORK NORTH,GLANTAINE,1,,,,,,1,2011
CORK NORTH,LISCARROLL,1,,,,,,1,2011
CORK NORTH,MALLOW,39,8,1,1,,,49,2011
CORK NORTH,MILFORD,2,,,,,,2,2011
CORK NORTH,BALLYCOTTON,1,,,,,,1,2011
CORK NORTH,CLOYNE,1,,,,,,1,2011
CORK NORTH,KILLEAGH,1,,,,,,1,2011
CORK NORTH,MIDLETON,40,8,2,1,,,51,2011
CORK NORTH,WHITEGATE,1,,,,,,1,2011
CORK NORTH,YOUGHAL,19,5,,,,,24,2011
CORK WEST,TIMOLEAGUE,1,,,,,,1,2011
CORK WEST,TARELTON,1,,,,,,1,2011
CORK WEST,STUAKE,1,,,,,,1,2011
CORK WEST,SKIBBEREEN,8,2,,,,,10,2011
CORK WEST,SCHULL,3,1,,,,,4,2011
CORK WEST,ROSSCARBERY,2,,,,,,2,2011
CORK WEST,RATHMORE,1,,,,,,1,2011
CORK WEST,NEWMARKET,2,1,,,,,3,2011
CORK WEST,MILLSTREET,7,2,,,,,9,2011
CORK WEST,MEELIN,1,,,,,,1,2011
CORK WEST,MACROOM,34,6,1,1,,,42,2011
CORK WEST,KNOCKNAGREE,1,,,,,,1,2011
CORK WEST,KINSALE,12,3,,,,,15,2011
CORK WEST,KILBRITTAIN,1,,,,,,1,2011
CORK WEST,KEALKIL,1,,,,,,1,2011
CORK WEST,KANTURK,29,4,,,,,33,2011
CORK WEST,INNISHANNON,1,,,,,,1,2011
CORK WEST,INCHIGEELA,1,,,,,,1,2011
CORK WEST,GOLEEN,1,,,,,,1,2011
CORK WEST,GLENGARRIFF,1,,,,,,1,2011
CORK WEST,DURRUS,1,,,,,,1,2011
CORK WEST,DUNMANWAY,8,1,,,,,9,2011
CORK WEST,DRINAGH,1,,,,,,1,2011
CORK WEST,DRIMOLEAGUE,1,,,,,,1,2011
CORK WEST,CROOKSTOWN,4,1,,,,,5,2011
CORK WEST,COACHFORD,1,1,,,,,2,2011
CORK WEST,CLONAKILTY,23,4,1,,,,28,2011
CORK WEST,CASTLETOWNBERE,3,1,,,,,4,2011
CORK WEST,BOHERBUE,1,,,,,,1,2011
CORK WEST,BEAL ATHA AN GHAORTHA,1,,,,,,1,2011
CORK WEST,BANTRY,29,5,1,,,,35,2011
CORK WEST,BANDON,66,13,3,1,1,,84,2011
CORK WEST,BALTIMORE,1,,,,,,1,2011
CORK WEST,BALLYFEARD,1,,,,,,1,2011
CORK WEST,BALLINHASSIG,2,,,,,,2,2011
CORK WEST,BALLINEEN,2,,,,,,2,2011
CORK WEST,BAILE BHUIRNE,2,1,,,,,3,2011
CORK WEST,ADRIGOLE,1,,,,,,1,2011
D.M.R. EAST,BLACKROCK,76,10,4,1,,,91,2011
D.M.R. EAST,DUNDRUM,63,9,1,,,,73,2011
D.M.R. EAST,STEPASIDE,26,3,,,,,29,2011
D.M.R. EAST,CABINTEELY,32,5,1,,,,38,2011
D.M.R. EAST,DALKEY,29,2,,,,,31,2011
D.M.R. EAST,DUN LAOGHAIRE,81,18,2,2,1,,104,2011
D.M.R. EAST,KILL-O-GRANGE,27,2,,,,,29,2011
D.M.R. EAST,SHANKILL,47,9,1,,,,57,2011
D.M.R. NORTH,BALBRIGGAN,60,6,3,1,,,70,2011
D.M.R. NORTH,GARRISTOWN,2,1,,,,,3,2011
D.M.R. NORTH,LUSK,5,1,,,,,6,2011
D.M.R. NORTH,RUSH,4,1,,,,,5,2011
D.M.R. NORTH,SKERRIES,10,1,,,,,11,2011
D.M.R. NORTH,BALLYMUN,91,18,2,1,1,,113,2011
D.M.R. NORTH,DUBLIN AIRPORT,27,6,,,,,33,2011
D.M.R. NORTH,SANTRY,69,9,3,,,,81,2011
D.M.R. NORTH,WHITEHALL,37,5,2,,,,44,2011
D.M.R. NORTH,COOLOCK,98,13,5,1,,,117,2011
D.M.R. NORTH,MALAHIDE,31,4,,,,,35,2011
D.M.R. NORTH,SWORDS,66,10,1,,,,77,2011
D.M.R. NORTH,CLONTARF,67,9,1,,,,77,2011
D.M.R. NORTH,HOWTH,33,6,,,,,39,2011
D.M.R. NORTH,RAHENY,58,6,3,1,,,68,2011
D.M.R. NORTH CENTRAL,BRIDEWELL,131,29,6,1,,,167,2011
D.M.R. NORTH CENTRAL,FITZGIBBON STREET,94,14,4,1,,,113,2011
D.M.R. NORTH CENTRAL,MOUNTJOY,89,11,,,,,100,2011
D.M.R. NORTH CENTRAL,IMMIGRATION D/DOCKS,5,1,,,,,6,2011
D.M.R. NORTH CENTRAL,STORE STREET,238,28,5,2,1,,274,2011
D.M.R. SOUTH,CRUMLIN,80,16,4,1,1,,102,2011
D.M.R. SOUTH,SUNDRIVE ROAD,60,11,,,,,71,2011
D.M.R. SOUTH,RATHMINES,59,7,,,,,66,2011
D.M.R. SOUTH,TERENURE,78,15,5,1,,,99,2011
D.M.R. SOUTH,RATHFARNHAM,65,8,,,,,73,2011
D.M.R. SOUTH,TALLAGHT,169,19,5,1,,,194,2011
D.M.R. SOUTH CENTRAL,DONNYBROOK,105,13,3,1,,,122,2011
D.M.R. SOUTH CENTRAL,IRISHTOWN,44,7,1,,,,52,2011
D.M.R. SOUTH CENTRAL,KEVIN STREET,135,11,6,1,,,153,2011
D.M.R. SOUTH CENTRAL,KILMAINHAM,58,16,,,,,74,2011
D.M.R. SOUTH CENTRAL,HARCOURT TERRACE,68,11,,,,,79,2011
D.M.R. SOUTH CENTRAL,PEARSE STREET,218,27,7,2,1,,255,2011
D.M.R. WEST,BLANCHARDSTOWN,155,24,4,2,1,,186,2011
D.M.R. WEST,CABRA,66,9,,,,,75,2011
D.M.R. WEST,FINGLAS,103,14,3,,,,120,2011
D.M.R. WEST,BALLYFERMOT,83,11,2,,,,96,2011
D.M.R. WEST,CLONDALKIN,81,13,3,1,,,98,2011
D.M.R. WEST,RATHCOOLE,25,2,,,,,27,2011
D.M.R. WEST,LUCAN,61,6,4,1,,,72,2011
D.M.R. WEST,RONANSTOWN,81,15,1,,,,97,2011
DONEGAL,BALLINTRA,2,,,,,,2,2011
DONEGAL,BALLYSHANNON,37,7,1,2,,,47,2011
DONEGAL,BUNDORAN,5,1,,,,,6,2011
DONEGAL,DONEGAL TOWN,28,5,,,,,33,2011
DONEGAL,MOUNTCHARLES,1,,,,,,1,2011
DONEGAL,NA CEALLA BEAGA,5,1,,,,,6,2011
DONEGAL,BUNCRANA,42,6,1,1,,,50,2011
DONEGAL,BURNFOOT,5,1,,,,,6,2011
DONEGAL,CARNDONAGH,3,1,,,,,4,2011
DONEGAL,CLONMANY,2,,,,,,2,2011
DONEGAL,MALIN,3,,,,,,3,2011
DONEGAL,MOVILLE,6,1,,,,,7,2011
DONEGAL,MUFF,3,1,,,,,4,2011
DONEGAL,AILT AN CHORRAIN,1,,,,,,1,2011
DONEGAL,AN BUN BEAG,13,2,,,,,15,2011
DONEGAL,AN CHARRAIG,1,1,,,,,2,2011
DONEGAL,AN CLOCHAN LIATH,7,1,,,,,8,2011
DONEGAL,ANAGAIRE,1,,,,,,1,2011
DONEGAL,ARD AN RATHA,2,1,,,,,3,2011
DONEGAL,CLOUGHER,1,,,,,,1,2011
DONEGAL,GLEANN CHOLM CILLE,1,,,,,,1,2011
DONEGAL,NA GLEANNTA,21,3,,1,,,25,2011
DONEGAL,BALLYBOFEY,22,2,,,,,24,2011
DONEGAL,CARRIGANS,4,1,,,,,5,2011
DONEGAL,CASTLEFIN,3,1,,,,,4,2011
DONEGAL,CONVOY,2,1,,,,,3,2011
DONEGAL,LETTERKENNY,85,13,4,1,1,,104,2011
DONEGAL,LIFFORD,14,3,,,,,17,2011
DONEGAL,NA BROCACHA,1,,,,,,1,2011
DONEGAL,NEWTOWNCUNNINGHAM,2,1,,,,,3,2011
DONEGAL,RAPHOE,2,1,,,,,3,2011
DONEGAL,AN CRAOSLACH,1,,,,,,1,2011
DONEGAL,AN FAL CARRACH,8,1,,,,,9,2011
DONEGAL,CARRAIG AIRT,2,1,,,,,3,2011
DONEGAL,DUN FIONNACHAID,2,,,,,,2,2011
DONEGAL,KERRYKEEL,3,1,,,,,4,2011
DONEGAL,KILMACRENNAN,1,1,,,,,2,2011
DONEGAL,MILFORD,23,3,,1,,,27,2011
DONEGAL,MIN AN LABAIN,1,,,,,,1,2011
DONEGAL,RAMELTON,2,,,,,,2,2011
DONEGAL,RATHMULLEN,1,,,,,,1,2011
GALWAY,BALLINASLOE,38,6,1,1,,,46,2011
GALWAY,BALLYGAR,1,,,,,,1,2011
GALWAY,CREGGS,1,,,,,,1,2011
GALWAY,KILCONNELL,1,,,,,,1,2011
GALWAY,MOUNT BELLEW,6,2,,,,,8,2011
GALWAY,MOYLOUGH,1,,,,,,1,2011
GALWAY,AN MAM,2,,,,,,2,2011
GALWAY,CARNA,1,1,,,,,2,2011
GALWAY,CLIFDEN,23,4,,1,,,28,2011
GALWAY,CLOCH NA RON,1,,,,,,1,2011
GALWAY,LENNAUN,1,,,,,,1,2011
GALWAY,LETTERFRACK,1,,,,,,1,2011
GALWAY,SRAITH SALACH,1,,,,,,1,2011
GALWAY,ATHENRY,4,1,,,,,5,2011
GALWAY,COR AN DOLA,1,,,,,,1,2011
GALWAY,GAILLIMH,173,26,6,3,1,1,210,2011
GALWAY,KILTULLAGH,1,,,,,,1,2011
GALWAY,LOUGH GEORGE,3,1,,,,,4,2011
GALWAY,MONIVEA,1,,,,,,1,2011
GALWAY,ORAN MOR,32,3,,,,,35,2011
GALWAY,ARDRAHAN,1,,,,,,1,2011
GALWAY,CRAUGHWELL,5,1,,,,,6,2011
GALWAY,GORT,26,4,,1,,,31,2011
GALWAY,KILCHREEST,1,,,,,,1,2011
GALWAY,KILCOLGAN,1,,,,,,1,2011
GALWAY,KINVARA,,1,,,,,1,2011
GALWAY,EYRECOURT,1,,,,,,1,2011
GALWAY,KILRICKLE,1,,,,,,1,2011
GALWAY,LOUGHREA,33,5,1,1,,,40,2011
GALWAY,NEW INN,1,,,,,,1,2011
GALWAY,PORTUMNA,6,2,,,,,8,2011
GALWAY,TYNAGH,1,,,,,,1,2011
GALWAY,WOODFORD,1,,,,,,1,2011
GALWAY,AN CHEATHRU RUA,5,1,,,,,6,2011
GALWAY,AN SPIDEAL,2,1,,,,,3,2011
GALWAY,CILL RONAIN,2,1,,,,,3,2011
GALWAY,INDREABHAN,1,,,,,,1,2011
GALWAY,LEITIR MOIR,1,,,,,,1,2011
GALWAY,MAIGH CUILINN,2,,,,,,2,2011
GALWAY,ROS MUC,1,,,,,,1,2011
GALWAY,SALTHILL,45,8,1,1,,,55,2011
GALWAY,UACHTARARD,5,1,,,,,6,2011
GALWAY,BARNADERG,1,,,,,,1,2011
GALWAY,COROFIN,1,1,,,,,2,2011
GALWAY,DUNMORE,4,2,,,,,6,2011
GALWAY,GLENAMADDY,1,,,,,,1,2011
GALWAY,HEADFORD,4,1,,,,,5,2011
GALWAY,MILLTOWN,1,,,,,,1,2011
GALWAY,TUAM,45,8,1,1,,,55,2011
GALWAY,WILLIAMSTOWN,1,,,,,,1,2011
KERRY,BAILE AN SCEILG,1,,,,,,1,2011
KERRY,CAHERCIVEEN,17,4,,,,,21,2011
KERRY,CASTLEMAINE,1,,,,,,1,2011
KERRY,GLENBEIGH,1,,,,,,1,2011
KERRY,KILLORGLIN,10,2,,,,,12,2011
KERRY,PORTMAGEE,1,,,,,,1,2011
KERRY,SNEEM,1,1,,,,,2,2011
KERRY,VALENTIA ISLAND,1,,,,,,1,2011
KERRY,WATERVILLE,1,,,,,,1,2011
KERRY,BEAUFORT,1,,,,,,1,2011
KERRY,CASTLEISLAND,9,2,,,,,11,2011
KERRY,FARRANFORE,2,,,,,,2,2011
KERRY,KENMARE,8,1,,,,,9,2011
KERRY,KILGARVAN,1,,,,,,1,2011
KERRY,KILLARNEY,57,8,,1,,,66,2011
KERRY,BALLYBUNION,6,1,,,,,7,2011
KERRY,BALLYDUFF,1,,,,,,1,2011
KERRY,BALLYHEIGUE,1,1,,,,,2,2011
KERRY,BALLYLONGFORD,1,,,,,,1,2011
KERRY,BROSNA,1,,,,,,1,2011
KERRY,KNOCKNAGOSHALL,1,,,,,,1,2011
KERRY,LISTOWEL,31,6,1,,,,38,2011
KERRY,LIXNAW,1,,,,,,1,2011
KERRY,MOYVANE,1,,,,,,1,2011
KERRY,TARBERT,1,,,,,,1,2011
KERRY,ABBEYDORNEY,1,,,,,,1,2011
KERRY,AN CLOCHAN,1,,,,,,1,2011
KERRY,AN DAINGEAN,9,1,,,,,10,2011
KERRY,ANNASCAUL,1,,,,,,1,2011
KERRY,ARDFERT,2,,,,,,2,2011
KERRY,BAILE AN FHEIRTEARAIG,1,,,,,,1,2011
KERRY,CAMP,1,,,,,,1,2011
KERRY,CASTLEGREGORY,2,,,,,,2,2011
KERRY,FENIT,1,,,,,,1,2011
KERRY,TRALEE,88,16,3,1,1,,109,2011
KILDARE,ATHY,25,5,1,,,,31,2011
KILDARE,BALLYTORE,2,,,,,,2,2011
KILDARE,CASTLEDERMOT,2,1,,,,,3,2011
KILDARE,KILDARE,22,4,,,,,26,2011
KILDARE,MONASTEREVIN,4,1,,,,,5,2011
KILDARE,NEWBRIDGE,41,6,,,,,47,2011
KILDARE,RATHANGAN,3,,,,,,3,2011
KILDARE,CARBURY,4,,,,,,4,2011
KILDARE,CELBRIDGE,15,2,,,,,17,2011
KILDARE,KILCOCK,8,1,,,,,9,2011
KILDARE,LEIXLIP,29,3,1,1,,,34,2011
KILDARE,MAYNOOTH,12,1,,,,,13,2011
KILDARE,BALLYMORE EUSTACE,2,,,,,,2,2011
KILDARE,CLANE,9,2,,,,,11,2011
KILDARE,KILCULLEN,2,,,,,,2,2011
KILDARE,KILL,1,1,,,,,2,2011
KILDARE,NAAS,84,13,2,1,1,,101,2011
KILDARE,ROBERTSTOWN,4,2,,,,,6,2011
KILKENNY/CARLOW,BALLON,1,,,,,,1,2011
KILKENNY/CARLOW,BORRIS,2,,,,,,2,2011
KILKENNY/CARLOW,CARLOW,66,9,1,1,,,77,2011
KILKENNY/CARLOW,HACKETSTOWN,1,,,,,,1,2011
KILKENNY/CARLOW,LEIGHLINBRIDGE,2,,,,,,2,2011
KILKENNY/CARLOW,MUINEBHEAG,9,3,,,,,12,2011
KILKENNY/CARLOW,MYSHALL,1,,,,,,1,2011
KILKENNY/CARLOW,RATHVILLY,1,,,,,,1,2011
KILKENNY/CARLOW,TULLOW,15,2,,,,,17,2011
KILKENNY/CARLOW,BALLYRAGGET,1,,,,,,1,2011
KILKENNY/CARLOW,CALLAN,5,1,,,,,6,2011
KILKENNY/CARLOW,CASTLECOMER,11,3,,,,,14,2011
KILKENNY/CARLOW,FRESHFORD,1,,,,,,1,2011
KILKENNY/CARLOW,JOHNSTOWN,1,1,,,,,2,2011
KILKENNY/CARLOW,KILKENNY,80,12,3,2,1,,98,2011
KILKENNY/CARLOW,URLINGFORD,1,,,,,,1,2011
KILKENNY/CARLOW,BALLYHALE,1,,,,,,1,2011
KILKENNY/CARLOW,BENNETSBRIDGE,1,,,,,,1,2011
KILKENNY/CARLOW,GORESBRIDGE,2,,,,,,2,2011
KILKENNY/CARLOW,GRAIGUENAMANAGH,4,1,,,,,5,2011
KILKENNY/CARLOW,KILMACOW,1,,,,,,1,2011
KILKENNY/CARLOW,KILMOGANNY,1,,,,,,1,2011
KILKENNY/CARLOW,MOONCOIN,12,2,,,,,14,2011
KILKENNY/CARLOW,MULLINAVAT,1,,,,,,1,2011
KILKENNY/CARLOW,PILTOWN,1,,,,,,1,2011
KILKENNY/CARLOW,STONYFORD,1,,,,,,1,2011
KILKENNY/CARLOW,THOMASTOWN,31,5,1,1,,,38,2011
LAOIS / OFFALY,ABBEYLEIX,20,4,,,,,24,2011
LAOIS / OFFALY,ARLES,2,,,,,,2,2011
LAOIS / OFFALY,BALLACOLLA,1,,,,,,1,2011
LAOIS / OFFALY,BALLINAKILL,1,,,,,,1,2011
LAOIS / OFFALY,BALLYLINAN,2,1,,,,,3,2011
LAOIS / OFFALY,BORRIS-IN-OSSORY,1,,,,,,1,2011
LAOIS / OFFALY,DURROW,2,,,,,,2,2011
LAOIS / OFFALY,RATHDOWNEY,3,1,,,,,4,2011
LAOIS / OFFALY,BANAGHER,4,1,,,,,5,2011
LAOIS / OFFALY,BIRR,23,5,,1,,,29,2011
LAOIS / OFFALY,CLOGHAN,1,,,,,,1,2011
LAOIS / OFFALY,FERBANE,4,1,,,,,5,2011
LAOIS / OFFALY,KILCORMAC,2,,,,,,2,2011
LAOIS / OFFALY,KINNITTY,1,,,,,,1,2011
LAOIS / OFFALY,SHANNONBRIDGE,1,,,,,,1,2011
LAOIS / OFFALY,SHINRONE,2,,,,,,2,2011
LAOIS / OFFALY,CLONASLEE,1,,,,,,1,2011
LAOIS / OFFALY,MOUNTMELLICK,5,1,,,,,6,2011
LAOIS / OFFALY,MOUNTRATH,2,1,,,,,3,2011
LAOIS / OFFALY,PORTARLINGTON,12,2,,,,,14,2011
LAOIS / OFFALY,PORTLAOISE,80,16,3,1,1,,101,2011
LAOIS / OFFALY,STRADBALLY,2,,,,,,2,2011
LAOIS / OFFALY,CLARA,4,1,,,,,5,2011
LAOIS / OFFALY,CLONBOLOGUE,1,,,,,,1,2011
LAOIS / OFFALY,DAINGEAN,2,,,,,,2,2011
LAOIS / OFFALY,EDENDERRY,10,2,,,,,12,2011
LAOIS / OFFALY,RHODE,2,,,,,,2,2011
LAOIS / OFFALY,TULLAMORE,59,9,2,1,,,71,2011
LIMERICK,ADARE,2,,,,,,2,2011
LIMERICK,ASKEATON,17,3,,,,,20,2011
LIMERICK,CROOM,3,1,,,,,4,2011
LIMERICK,FOYNES,1,,,,,,1,2011
LIMERICK,GLIN,1,,,,,,1,2011
LIMERICK,PALLASKENRY,1,,,,,,1,2011
LIMERICK,RATHKEALE,6,1,,,,,7,2011
LIMERICK,SHANAGOLDEN,1,,,,,,1,2011
LIMERICK,BALLYLANDERS,1,,,,,,1,2011
LIMERICK,BRUFF,20,4,,,,,24,2011
LIMERICK,BRUREE,1,,,,,,1,2011
LIMERICK,CAPPAMORE,1,1,,,,,2,2011
LIMERICK,DOON,1,,,,,,1,2011
LIMERICK,GALBALLY,1,,,,,,1,2011
LIMERICK,HOSPITAL,1,,,,,,1,2011
LIMERICK,KILFINANE,1,,,,,,1,2011
LIMERICK,KILMALLOCK,5,1,,,,,6,2011
LIMERICK,MURROE,3,,,,,,3,2011
LIMERICK,OOLA,1,,,,,,1,2011
LIMERICK,PALLAS,2,,,,,,2,2011
LIMERICK,ARDNACRUSHA,4,,,,,,4,2011
LIMERICK,CASTLECONNELL,4,1,,,,,5,2011
LIMERICK,HENRY STREET,210,33,6,2,1,,252,2011
LIMERICK,MARY STREET,16,2,,,,,18,2011
LIMERICK,MAYORSTONE PARK,71,12,1,,,,84,2011
LIMERICK,ABBEYFEALE,8,2,,,,,10,2011
LIMERICK,ATHEA,1,,,,,,1,2011
LIMERICK,BALLINGARRY,1,,,,,,1,2011
LIMERICK,CASTLETOWN CONYERS,1,,,,,,1,2011
LIMERICK,DRUMCOLLOGHER,1,1,,,,,2,2011
LIMERICK,KILMEEDY,1,,,,,,1,2011
LIMERICK,NEWCASTLE WEST,22,4,1,1,,,28,2011
LIMERICK,TOURNAFULLA,1,,,,,,1,2011
LIMERICK,BALLYNEETY,2,,,,,,2,2011
LIMERICK,CAHERCONLISH,3,,,,,,3,2011
LIMERICK,PATRICKSWELL,1,,,,,,1,2011
LIMERICK,ROXBORO ROAD,119,19,3,1,,,142,2011
LOUTH,ARDEE,21,5,1,1,,,28,2011
LOUTH,CASTLEBELLINGHAM,3,1,,,,,4,2011
LOUTH,COLLON,5,2,,,,,7,2011
LOUTH,LOUTH,,1,,,,,1,2011
LOUTH,CLOUGHERHEAD,3,1,,,,,4,2011
LOUTH,DROGHEDA,82,12,2,1,1,,98,2011
LOUTH,DUNLEER,4,1,,,,,5,2011
LOUTH,BLACKROCK,4,1,,,,,5,2011
LOUTH,CARLINGFORD,5,1,,,,,6,2011
LOUTH,DROMAD,6,,,,,,6,2011
LOUTH,DUNDALK,105,21,3,1,,,130,2011
LOUTH,HACKBALLSCROSS,4,2,,,,,6,2011
LOUTH,OMEATH,4,1,,,,,5,2011
MAYO,BALLINA,41,6,1,1,,,49,2011
MAYO,BALLYCASTLE,1,,,,,,1,2011
MAYO,BONNICONLON,1,,,,,,1,2011
MAYO,CROSSMOLINA,3,1,,,,,4,2011
MAYO,KILLALA,1,,,,,,1,2011
MAYO,LAHARDANE,1,,,,,,1,2011
MAYO,BALLYCROY,1,,,,,,1,2011
MAYO,BANGOR ERRIS,2,,,,,,2,2011
MAYO,BEAL AN MHUIRTHEAD,18,3,1,1,,,23,2011
MAYO,BELLACORICK,1,,,,,,1,2011
MAYO,GLEANN NA MUAIDHE,1,,,,,,1,2011
MAYO,BALLA,1,1,,,,,2,2011
MAYO,BALLYGLASS,1,,,,,,1,2011
MAYO,BALLYVARY,1,,,,,,1,2011
MAYO,CASTLEBAR,58,14,2,1,1,,76,2011
MAYO,PARTRY,1,1,,,,,2,2011
MAYO,TOURMAKEADY,1,,,,,,1,2011
MAYO,BALLINDINE,1,,,,,,1,2011
MAYO,BALLINROBE,8,1,,,,,9,2011
MAYO,CLAREMORRIS,29,6,,1,,,36,2011
MAYO,CONG,1,,,,,,1,2011
MAYO,HOLLYMOUNT,1,,,,,,1,2011
MAYO,KNOCK,1,,,,,,1,2011
MAYO,SHRULE,1,,,,,,1,2011
MAYO,BALLYHAUNIS,9,1,,,,,10,2011
MAYO,CHARLESTOWN,4,1,,,,,5,2011
MAYO,FOXFORD,2,1,,,,,3,2011
MAYO,KILKELLY,8,,,,,,8,2011
MAYO,KILTIMAGH,1,1,,,,,2,2011
MAYO,SWINFORD,23,2,,1,,,26,2011
MAYO,ACHILL SOUND,2,1,,,,,3,2011
MAYO,KEEL,1,,,,,,1,2011
MAYO,LOUISBURGH,,1,,,,,1,2011
MAYO,MULRANNY,1,,,,,,1,2011
MAYO,NEWPORT,1,1,,,,,2,2011
MAYO,WESTPORT,26,3,,,,,29,2011
MEATH,ASHBOURNE,39,6,1,1,,,47,2011
MEATH,DUNBOYNE,12,1,,,,,13,2011
MEATH,DUNSHAUGHLIN,19,2,,,,,21,2011
MEATH,BAILE ATHA BUI,3,,,,,,3,2011
MEATH,CROSSAKEEL,1,,,,,,1,2011
MEATH,KELLS,44,9,,1,,,54,2011
MEATH,OLDCASTLE,3,,,,,,3,2011
MEATH,DULEEK,3,1,,,,,4,2011
MEATH,LAYTOWN,20,4,,1,,,25,2011
MEATH,NAVAN,59,11,4,1,1,,76,2011
MEATH,NOBBER,3,1,,,,,4,2011
MEATH,SLANE,3,1,,,,,4,2011
MEATH,BALLIVOR,2,1,,,,,3,2011
MEATH,ENFIELD,6,1,,,,,7,2011
MEATH,KILMESSAN,1,,,,,,1,2011
MEATH,LONGWOOD,2,,,,,,2,2011
MEATH,SUMMERHILL,2,1,,,,,3,2011
MEATH,TRIM,25,5,,1,,,31,2011
ROSCOMMON / LONGFORD,BOYLE,20,4,,1,,,25,2011
ROSCOMMON / LONGFORD,ELPHIN,1,,,,,,1,2011
ROSCOMMON / LONGFORD,KEADUE,1,,,,,,1,2011
ROSCOMMON / LONGFORD,ROOSKY,2,1,,,,,3,2011
ROSCOMMON / LONGFORD,STROKESTOWN,3,,,,,,3,2011
ROSCOMMON / LONGFORD,TARMONBARRY,2,,,,,,2,2011
ROSCOMMON / LONGFORD,BALLAGHADERREEN,7,1,,,,,8,2011
ROSCOMMON / LONGFORD,BALLINLOUGH,2,,,,,,2,2011
ROSCOMMON / LONGFORD,CASTLEREA,25,6,1,1,,,33,2011
ROSCOMMON / LONGFORD,FRENCHPARK,1,1,,,,,2,2011
ROSCOMMON / LONGFORD,TULSK,1,,,,,,1,2011
ROSCOMMON / LONGFORD,ARDAGH,1,,,,,,1,2011
ROSCOMMON / LONGFORD,BALLINALEE,1,,,,,,1,2011
ROSCOMMON / LONGFORD,DRUMLISH,2,,,,,,2,2011
ROSCOMMON / LONGFORD,EDGEWORTHSTOWN,7,1,,,,,8,2011
ROSCOMMON / LONGFORD,GRANARD,22,5,,1,,,28,2011
ROSCOMMON / LONGFORD,SMEAR,1,,,,,,1,2011
ROSCOMMON / LONGFORD,BALLYMAHON,5,1,,,,,6,2011
ROSCOMMON / LONGFORD,KENAGH,1,,,,,,1,2011
ROSCOMMON / LONGFORD,LANESBORO,4,2,,,,,6,2011
ROSCOMMON / LONGFORD,LONGFORD,49,10,,1,,,60,2011
ROSCOMMON / LONGFORD,NEWTOWNCASHEL,1,,,,,,1,2011
ROSCOMMON / LONGFORD,ATHLEAGUE,1,,,,,,1,2011
ROSCOMMON / LONGFORD,BALLYFORAN,1,,,,,,1,2011
ROSCOMMON / LONGFORD,CLONARK,6,1,,,,,7,2011
ROSCOMMON / LONGFORD,KNOCKCROGHERY,1,,,,,,1,2011
ROSCOMMON / LONGFORD,ROSCOMMON,63,12,3,1,,,79,2011
ROSCOMMON / LONGFORD,TAUGHMACONNELL,1,,,,,,1,2011
SLIGO / LEITRIM,ACLARE,1,1,,,,,2,2011
SLIGO / LEITRIM,BALLYFARNAN,1,,,,,,1,2011
SLIGO / LEITRIM,BALLYMOTE,25,3,1,,,,29,2011
SLIGO / LEITRIM,BUNNANADDEN,1,,,,,,1,2011
SLIGO / LEITRIM,EASKEY,2,,,,,,2,2011
SLIGO / LEITRIM,ENNISCRONE,4,1,,,,,5,2011
SLIGO / LEITRIM,GURTEEN,1,1,,,,,2,2011
SLIGO / LEITRIM,RIVERSTOWN,1,1,,,,,2,2011
SLIGO / LEITRIM,TUBBERCURRY,5,1,,,,,6,2011
SLIGO / LEITRIM,BALLINAMORE,5,1,,,,,6,2011
SLIGO / LEITRIM,CARRICK-ON-SHANNON,38,5,1,1,,,45,2011
SLIGO / LEITRIM,CARRIGALLEN,2,,,,,,2,2011
SLIGO / LEITRIM,CLOONE,1,,,,,,1,2011
SLIGO / LEITRIM,DROMOD,1,,,,,,1,2011
SLIGO / LEITRIM,KESHCARRIGAN,1,,,,,,1,2011
SLIGO / LEITRIM,MOHILL,5,1,,,,,6,2011
SLIGO / LEITRIM,DROMAHAIR,1,1,,,,,2,2011
SLIGO / LEITRIM,DRUMKERRIN,2,1,,,,,3,2011
SLIGO / LEITRIM,DRUMSHAMBO,4,1,,,,,5,2011
SLIGO / LEITRIM,GLENFARNE,1,,,,,,1,2011
SLIGO / LEITRIM,KILTYCLOGHER,2,,,,,,2,2011
SLIGO / LEITRIM,KINLOUGH,3,1,,,,,4,2011
SLIGO / LEITRIM,MANORHAMILTON,17,2,,1,,,20,2011
SLIGO / LEITRIM,CLIFFONEY,1,,,,,,1,2011
SLIGO / LEITRIM,COLLOONEY,4,1,,,,,5,2011
SLIGO / LEITRIM,GRANGE,4,1,,,,,5,2011
SLIGO / LEITRIM,ROSSES POINT,1,1,,,,,2,2011
SLIGO / LEITRIM,SKREEN,1,,,,,,1,2011
SLIGO / LEITRIM,SLIGO,121,20,6,1,1,1,150,2011
TIPPERARY,TOOMEVARA,1,1,,,,,2,2011
TIPPERARY,TIPPERARY TOWN,22,7,1,1,,,31,2011
TIPPERARY,THURLES,62,8,2,1,1,,74,2011
TIPPERARY,TEMPLETUOHY,1,,,,,,1,2011
TIPPERARY,TEMPLEMORE,35,4,,1,,,40,2011
TIPPERARY,ROSCREA,17,2,,,,,19,2011
TIPPERARY,REARCROSS,1,,,,,,1,2011
TIPPERARY,PORTROE,1,,,,,,1,2011
TIPPERARY,NEWPORT,9,2,,,,,11,2011
TIPPERARY,NEW INN,1,,,,,,1,2011
TIPPERARY,NENAGH,31,5,1,1,,,38,2011
TIPPERARY,MULLINAHONE,1,,,,,,1,2011
TIPPERARY,MOYNE,,1,,,,,1,2011
TIPPERARY,MONEYGALL,1,,,,,,1,2011
TIPPERARY,LORRHA,1,,,,,,1,2011
TIPPERARY,LITTLETON,1,,,,,,1,2011
TIPPERARY,KILSHEELAN,1,,,,,,1,2011
TIPPERARY,KILLENAULE,3,1,,,,,4,2011
TIPPERARY,GRANGEMOCKLER,1,,,,,,1,2011
TIPPERARY,GOLDEN,1,,,,,,1,2011
TIPPERARY,FETHARD,2,1,,,,,3,2011
TIPPERARY,EMLY,1,,,,,,1,2011
TIPPERARY,DUNDRUM,1,,,,,,1,2011
TIPPERARY,CLOUGHJORDAN,1,,,,,,1,2011
TIPPERARY,CLONMEL,43,7,1,1,,,52,2011
TIPPERARY,CLOGHEEN,1,,,,,,1,2011
TIPPERARY,CASHEL,11,3,,,,,14,2011
TIPPERARY,CARRICK-ON-SUIR,14,2,,,,,16,2011
TIPPERARY,CAHIR,35,5,1,1,,,42,2011
TIPPERARY,BORRISOLEIGH,1,1,,,,,2,2011
TIPPERARY,BORRISOKANE,4,2,,,,,6,2011
TIPPERARY,BANSHA,1,,,,,,1,2011
TIPPERARY,BALLYPOREEN,1,,,,,,1,2011
TIPPERARY,BALLINGARRY SOUTH,2,,,,,,2,2011
TIPPERARY,ARDFINNAN,1,1,,,,,2,2011
WATERFORD,AGLISH,1,,,,,,1,2011
WATERFORD,AN RINN,1,,,,,,1,2011
WATERFORD,ARDMORE,2,,,,,,2,2011
WATERFORD,BALLYDUFF,1,,,,,,1,2011
WATERFORD,BALLYMACARBERRY,1,,,,,,1,2011
WATERFORD,CAPPOQUIN,2,,,,,,2,2011
WATERFORD,DUNGARVAN,38,7,1,,,,46,2011
WATERFORD,LISMORE,3,1,,,,,4,2011
WATERFORD,TALLOW,2,1,,,,,3,2011
WATERFORD,KILL,1,,,,,,1,2011
WATERFORD,KILMACTHOMAS,4,1,,,,,5,2011
WATERFORD,KILMEADEN,1,,,,,,1,2011
WATERFORD,LEAMYBRIEN,1,,,,,,1,2011
WATERFORD,PORTLAW,1,1,,,,,2,2011
WATERFORD,RATHGORMACK,1,,,,,,1,2011
WATERFORD,TRAMORE,31,4,1,,,,36,2011
WATERFORD,DUNMORE EAST,2,1,,,,,3,2011
WATERFORD,FERRYBANK,5,1,,,,,6,2011
WATERFORD,PASSAGE EAST,1,,,,,,1,2011
WATERFORD,WATERFORD,142,24,3,2,1,,172,2011
WESTMEATH,ATHLONE,55,8,2,1,,,66,2011
WESTMEATH,BALLINAHOWN,1,,,,,,1,2011
WESTMEATH,BALLYMORE,1,,,,,,1,2011
WESTMEATH,GLASSON,2,,,,,,2,2011
WESTMEATH,KILBEGGAN,4,1,,,,,5,2011
WESTMEATH,MOATE,14,3,,,,,17,2011
WESTMEATH,BALLYNACARGY,2,,,,,,2,2011
WESTMEATH,CASTLEPOLLARD,3,1,,,,,4,2011
WESTMEATH,CASTLETOWN GEOGHEGAN,1,,,,,,1,2011
WESTMEATH,DELVIN,13,3,,,,,16,2011
WESTMEATH,FINEA,1,,,,,,1,2011
WESTMEATH,KILLUCAN,5,,,,,,5,2011
WESTMEATH,KINNEGAD,4,1,,,,,5,2011
WESTMEATH,MULLINGAR,99,18,5,1,,,123,2011
WESTMEATH,MULTYFARNHAM,1,,,,,,1,2011
WESTMEATH,RATHOWEN,1,,,,,,1,2011
WESTMEATH,ROCHFORTBRIDGE,3,1,,,,,4,2011
WEXFORD,BLACKWATER,2,1,,,,,3,2011
WEXFORD,CLONROCHE,1,1,,,,,2,2011
WEXFORD,ENNISCORTHY,33,6,1,,,,40,2011
WEXFORD,FERNS,2,1,,,,,3,2011
WEXFORD,KILTEALY,1,,,,,,1,2011
WEXFORD,OULART,1,,,,,,1,2011
WEXFORD,OYLEGATE,1,1,,,,,2,2011
WEXFORD,BUNCLODY,6,2,,,,,8,2011
WEXFORD,COURTOWN HARBOUR,3,1,,,,,4,2011
WEXFORD,GOREY,41,7,1,1,,,50,2011
WEXFORD,BALLYCULLANE,2,,,,,,2,2011
WEXFORD,CAMPILE,1,,,,,,1,2011
WEXFORD,CARRICKBYRNE,2,,,,,,2,2011
WEXFORD,CARRICK-ON-BANNOW,1,,,,,,1,2011
WEXFORD,DUNCANNON,3,1,,,,,4,2011
WEXFORD,NEW ROSS,32,6,1,1,,,40,2011
WEXFORD,BALDWINSTOWN,1,,,,,,1,2011
WEXFORD,CASTLEBRIDGE,1,1,,,,,2,2011
WEXFORD,GLYNN,1,,,,,,1,2011
WEXFORD,KILMORE QUAY,1,1,,,,,2,2011
WEXFORD,ROSSLARE HARBOUR,6,,,,,,6,2011
WEXFORD,ROSSLARE STRAND,1,1,,,,,2,2011
WEXFORD,TAGHMON,3,,,,,,3,2011
WEXFORD,WEXFORD,76,12,2,1,1,,92,2011
WICKLOW,BALTINGLASS,29,6,1,1,,,37,2011
WICKLOW,BLESSINGTON,15,2,,,,,17,2011
WICKLOW,CARNEW,3,1,,,,,4,2011
WICKLOW,DONARD,1,,,,,,1,2011
WICKLOW,DUNLAVIN,2,,,,,,2,2011
WICKLOW,HOLLYWOOD,1,,,,,,1,2011
WICKLOW,SHILLELAGH,1,,,,,,1,2011
WICKLOW,TINAHELY,2,,,,,,2,2011
WICKLOW,BRAY,102,16,5,1,1,,125,2011
WICKLOW,ENNISKERRY,5,1,,,,,6,2011
WICKLOW,GREYSTONES,31,4,,,,,35,2011
WICKLOW,NEWTOWNMOUNTKENNEDY,3,1,,,,,4,2011
WICKLOW,ARKLOW,28,4,1,,,,33,2011
WICKLOW,ASHFORD,9,2,,,,,11,2011
WICKLOW,AUGHRIM,2,,,,,,2,2011
WICKLOW,AVOCA,2,,,,,,2,2011
WICKLOW,RATHDRUM,4,1,,,,,5,2011
WICKLOW,ROUNDWOOD,3,1,,,,,4,2011
WICKLOW,WICKLOW,40,6,1,,,,47,2011