Divisions,District,Station,Assistant_Commissioner,chief_superintendent,Superintendent,Insp,Sergt,Garda,Total,Year
WICKLOW,WICKLOW,ARKLOW,,,,1,5,30,36,2010
WICKLOW,WICKLOW,ASHFORD,,,,,2,10,12,2010
WICKLOW,WICKLOW,AUGHRIM,,,,,,2,2,2010
WICKLOW,WICKLOW,AVOCA,,,,,1,2,3,2010
WICKLOW,WICKLOW,RATHDRUM,,,,,1,4,5,2010
WICKLOW,WICKLOW,ROUNDWOOD,,,,,1,3,4,2010
WICKLOW,WICKLOW,WICKLOW,,,1,1,5,41,48,2010
WEXFORD,WEXFORD,BALDWINSTOWN,,,,,,1,1,2010
WEXFORD,WEXFORD,CASTLEBRIDGE,,,,,1,2,3,2010
WEXFORD,WEXFORD,GLYNN,,,,,,1,1,2010
WEXFORD,WEXFORD,KILMORE QUAY,,,,,1,1,2,2010
WEXFORD,WEXFORD,ROSSLARE HARBOUR,,,,,1,6,7,2010
WEXFORD,WEXFORD,ROSSLARE STRAND,,,,,1,1,2,2010
WEXFORD,WEXFORD,TAGHMON,,,,,,3,3,2010
WEXFORD,WEXFORD,WEXFORD,,1,1,2,13,78,95,2010
MAYO,WESTPORT,ACHILL SOUND,,,,,,2,2,2010
MAYO,WESTPORT,LOUISBURGH,,,,,1,1,2,2010
MAYO,WESTPORT,MULRANNY,,,,,,1,1,2010
MAYO,WESTPORT,NEWPORT,,,,,1,2,3,2010
MAYO,WESTPORT,WESTPORT,,,1,,3,26,30,2010
WATERFORD,WATERFORD,DUNMORE EAST,,,,,1,2,3,2010
WATERFORD,WATERFORD,FERRYBANK,,,,,1,6,7,2010
WATERFORD,WATERFORD,PASSAGE EAST,,,,,,1,1,2010
WATERFORD,WATERFORD,WATERFORD,,1,2,4,25,141,173,2010
LAOIS / OFFALY,TULLAMORE,CLARA,,,,,1,4,5,2010
LAOIS / OFFALY,TULLAMORE,DAINGEAN,,,,,,1,1,2010
LAOIS / OFFALY,TULLAMORE,EDENDERRY,,,,,3,10,13,2010
LAOIS / OFFALY,TULLAMORE,RHODE,,,,,,2,2,2010
LAOIS / OFFALY,TULLAMORE,TULLAMORE,,,1,2,11,62,76,2010
GALWAY,TUAM,BALLYMOE,,,,,,1,1,2010
GALWAY,TUAM,BARNADERG,,,,,,1,1,2010
GALWAY,TUAM,COROFIN,,,,,1,,1,2010
GALWAY,TUAM,DUNMORE,,,,,2,4,6,2010
GALWAY,TUAM,GLENAMADDY,,,,,,1,1,2010
GALWAY,TUAM,HEADFORD,,,,,1,4,5,2010
GALWAY,TUAM,KILCONLY,,,,,,1,1,2010
GALWAY,TUAM,MILLTOWN,,,,,,1,1,2010
GALWAY,TUAM,TUAM,,,1,1,8,45,55,2010
GALWAY,TUAM,WILLIAMSTOWN,,,,,,1,1,2010
MEATH,TRIM,BALLIVOR,,,,,1,2,3,2010
MEATH,TRIM,ENFIELD,,,,,1,6,7,2010
MEATH,TRIM,KILMESSAN,,,,,,1,1,2010
MEATH,TRIM,LONGWOOD,,,,,1,1,2,2010
MEATH,TRIM,SUMMERHILL,,,,,1,2,3,2010
MEATH,TRIM,TRIM,,,1,,5,28,34,2010
WATERFORD,TRAMORE,KILL,,,,,,1,1,2010
WATERFORD,TRAMORE,KILMACTHOMAS,,,,,1,4,5,2010
WATERFORD,TRAMORE,KILMEADEN,,,,,,2,2,2010
WATERFORD,TRAMORE,LEAMYBRIEN,,,,,,1,1,2010
WATERFORD,TRAMORE,PORTLAW,,,,,1,2,3,2010
WATERFORD,TRAMORE,RATHGORMACK,,,,,,1,1,2010
WATERFORD,TRAMORE,TRAMORE,,,1,,5,32,38,2010
KERRY,TRALEE,ABBEYDORNEY,,,,,,1,1,2010
KERRY,TRALEE,ANNASCAUL,,,,,,1,1,2010
KERRY,TRALEE,ARDFERT,,,,,,2,2,2010
KERRY,TRALEE,BALLYFERRITER,,,,,,1,1,2010
KERRY,TRALEE,CAMP,,,,,,1,1,2010
KERRY,TRALEE,CASTLEGREGORY,,,,,,1,1,2010
KERRY,TRALEE,CLOCHAN,,,,,,1,1,2010
KERRY,TRALEE,DINGLE,,,,,2,7,9,2010
KERRY,TRALEE,FENIT,,,,,,1,1,2010
KERRY,TRALEE,TRALEE,,1,1,3,20,93,118,2010
KERRY,TRALEE,BISHOPSTOWN,,,,,3,19,22,2010
KERRY,TRALEE,CARRIGALINE,,,,,3,18,21,2010
KERRY,TRALEE,CROSSHAVEN,,,,,1,2,3,2010
KERRY,TRALEE,DOUGLAS,,,,,4,23,27,2010
KERRY,TRALEE,PASSAGE WEST,,,,,1,3,4,2010
KERRY,TRALEE,TOGHER,,,1,1,10,48,60,2010
KERRY,TRALEE,BANSHA,,,,,,1,1,2010
KERRY,TRALEE,CAPPAWHITE,,,,,,1,1,2010
KERRY,TRALEE,DUNDRUM,,,,,,1,1,2010
KERRY,TRALEE,EMLY,,,,,,1,1,2010
KERRY,TRALEE,GOLDEN,,,,,,1,1,2010
KERRY,TRALEE,TIPPERARY TOWN,,,1,1,7,23,32,2010
TIPPERARY,THURLES,BALLINGARRY SOUTH,,,,,,2,2,2010
TIPPERARY,THURLES,G.C.V.U.,,,1,,4,,5,2010
TIPPERARY,THURLES,HOLYCROSS,,,,,,1,1,2010
TIPPERARY,THURLES,KILLENAULE,,,,,1,4,5,2010
TIPPERARY,THURLES,LITTLETON,,,,,,1,1,2010
TIPPERARY,THURLES,THURLES,,1,1,2,10,61,75,2010
KILKENNY/CARLOW,THOMASTOWN,BALLYHALE,,,,,,1,1,2010
KILKENNY/CARLOW,THOMASTOWN,BENNETSBRIDGE,,,,,,1,1,2010
KILKENNY/CARLOW,THOMASTOWN,GLENMORE,,,,,,1,1,2010
KILKENNY/CARLOW,THOMASTOWN,GORESBRIDGE,,,,,,2,2,2010
KILKENNY/CARLOW,THOMASTOWN,GRAIGUENAMANAGH,,,,,2,5,7,2010
KILKENNY/CARLOW,THOMASTOWN,INISTIOGE,,,,,,1,1,2010
KILKENNY/CARLOW,THOMASTOWN,KILMACOW,,,,,,1,1,2010
KILKENNY/CARLOW,THOMASTOWN,KILMOGANNY,,,,,,1,1,2010
KILKENNY/CARLOW,THOMASTOWN,MOONCOIN,,,,,,8,8,2010
KILKENNY/CARLOW,THOMASTOWN,MULLINAVAT,,,,,1,5,6,2010
KILKENNY/CARLOW,THOMASTOWN,PILTOWN,,,,,,1,1,2010
KILKENNY/CARLOW,THOMASTOWN,STONYFORD,,,,,,1,1,2010
KILKENNY/CARLOW,THOMASTOWN,THOMASTOWN,,,1,2,7,32,42,2010
TIPPERARY,TEMPLEMORE,BORRISOLEIGH,,,,,1,,1,2010
TIPPERARY,TEMPLEMORE,MONEYGALL,,,,,,1,1,2010
TIPPERARY,TEMPLEMORE,MOYNE,,,,,1,1,2,2010
TIPPERARY,TEMPLEMORE,REARCROSS,,,,,,1,1,2010
TIPPERARY,TEMPLEMORE,ROSCREA,,,,,2,18,20,2010
TIPPERARY,TEMPLEMORE,TEMPLEMORE,,,1,,4,33,38,2010
TIPPERARY,TEMPLEMORE,TEMPLETUOHY,,,,,,1,1,2010
TIPPERARY,TEMPLEMORE,RATHFARNHAM,,,,,8,68,76,2010
TIPPERARY,TEMPLEMORE,TALLAGHT,,,1,5,19,174,199,2010
TIPPERARY,TEMPLEMORE,BALLYHAUNIS,,,,,2,8,10,2010
TIPPERARY,TEMPLEMORE,CHARLESTOWN,,,,,1,6,7,2010
TIPPERARY,TEMPLEMORE,FOXFORD,,,,,1,2,3,2010
TIPPERARY,TEMPLEMORE,KILKELLY,,,,,1,8,9,2010
TIPPERARY,TEMPLEMORE,KILTIMAGH,,,,,1,2,3,2010
TIPPERARY,TEMPLEMORE,SWINFORD,,,1,,2,23,26,2010
D.M.R. NORTH CENTRAL,STORE STREET,IMMIGRATION D/DOCKS,,,,,1,7,8,2010
D.M.R. NORTH CENTRAL,STORE STREET,STORE STREET,,1,2,5,33,250,291,2010
SLIGO / LEITRIM,SLIGO,CLIFFONEY,,,,,,1,1,2010
SLIGO / LEITRIM,SLIGO,COLLOONEY,,,,,1,4,5,2010
SLIGO / LEITRIM,SLIGO,COOLANEY,,,,,1,,1,2010
SLIGO / LEITRIM,SLIGO,GRANGE,,,,,1,4,5,2010
SLIGO / LEITRIM,SLIGO,ROSSES POINT,,,,,1,1,2,2010
SLIGO / LEITRIM,SLIGO,SKREEN,,,,,,1,1,2010
SLIGO / LEITRIM,SLIGO,SLIGO,1,1,2,6,22,128,160,2010
GALWAY,SALTHILL,CARRAROE,,,,,1,3,4,2010
GALWAY,SALTHILL,CILL RONAIN,,,,,1,2,3,2010
GALWAY,SALTHILL,INVERIN,,,,,,1,1,2010
GALWAY,SALTHILL,LEITIR MOR,,,,,,1,1,2010
GALWAY,SALTHILL,MOYCULLEN,,,,,,2,2,2010
GALWAY,SALTHILL,ROS MUC,,,,,,1,1,2010
GALWAY,SALTHILL,SALTHILL,,,1,1,8,47,57,2010
GALWAY,SALTHILL,SPIDDLE,,,,,1,2,3,2010
GALWAY,SALTHILL,UACHTARARD,,,,,1,5,6,2010
LIMERICK,ROXBORO ROAD,CAHERCONLISH,,,,,,1,1,2010
LIMERICK,ROXBORO ROAD,ROXBORO ROAD,,,1,3,18,117,139,2010
ROSCOMMON / LONGFORD,ROSCOMMON,ATHLEAGUE,,,,,1,1,2,2010
ROSCOMMON / LONGFORD,ROSCOMMON,BALLYFORAN,,,,,,1,1,2010
ROSCOMMON / LONGFORD,ROSCOMMON,CLONARK,,,,,,1,1,2010
ROSCOMMON / LONGFORD,ROSCOMMON,KNOCKCROGHERY,,,,,1,8,9,2010
ROSCOMMON / LONGFORD,ROSCOMMON,ROSCOMMON,,,1,3,12,62,78,2010
ROSCOMMON / LONGFORD,ROSCOMMON,TAUGHMACONNELL,,,,,,1,1,2010
D.M.R. SOUTH,RATHMINES,RATHMINES,,,,,8,60,68,2010
D.M.R. SOUTH,RATHMINES,TERENURE,,,1,6,16,82,105,2010
D.M.R. NORTH,RAHENY,CLONTARF,,,,1,10,68,79,2010
D.M.R. NORTH,RAHENY,HOWTH,,,,1,5,32,38,2010
D.M.R. NORTH,RAHENY,RAHENY,,,1,3,8,63,75,2010
LAOIS / OFFALY,PORTLAOISE,CLONASLEE,,,,,,2,2,2010
LAOIS / OFFALY,PORTLAOISE,MOUNTMELLICK,,,,,1,6,7,2010
LAOIS / OFFALY,PORTLAOISE,MOUNTRATH,,,,,1,2,3,2010
LAOIS / OFFALY,PORTLAOISE,PORTARLINGTON,,,,,2,11,13,2010
LAOIS / OFFALY,PORTLAOISE,PORTLAOISE,,1,1,3,19,84,108,2010
LAOIS / OFFALY,PORTLAOISE,STRADBALLY,,,,,,2,2,2010
D.M.R. SOUTH CENTRAL,PEARSE STREET,HARCOURT TERRACE,,,,,9,71,80,2010
D.M.R. SOUTH CENTRAL,PEARSE STREET,PEARSE STREET,,1,2,7,33,223,266,2010
LIMERICK,NEWCASTLE WEST,ABBEYFEALE,,,,,2,7,9,2010
LIMERICK,NEWCASTLE WEST,ATHEA,,,,,,1,1,2010
LIMERICK,NEWCASTLE WEST,BALLINGARRY,,,,,,1,1,2010
LIMERICK,NEWCASTLE WEST,CASTLETOWN CONYERS,,,,,,1,1,2010
LIMERICK,NEWCASTLE WEST,DRUMCOLLOGHER,,,,,1,1,2,2010
LIMERICK,NEWCASTLE WEST,KILMEEDY,,,,,,1,1,2010
LIMERICK,NEWCASTLE WEST,NEWCASTLE WEST,,,1,1,4,22,28,2010
LIMERICK,NEWCASTLE WEST,TOURNAFULLA,,,,,,1,1,2010
LIMERICK,NEW ROSS,BALLYCULLANE,,,,,,2,2,2010
LIMERICK,NEW ROSS,CAMPILE,,,,,,2,2,2010
LIMERICK,NEW ROSS,CARRICK-ON-BANNOW,,,,,,1,1,2010
LIMERICK,NEW ROSS,CARRICKBYRNE,,,,,1,1,2,2010
LIMERICK,NEW ROSS,DUNCANNON,,,,,1,3,4,2010
LIMERICK,NEW ROSS,NEW ROSS,,,1,1,4,34,40,2010
TIPPERARY,NENAGH,BORRISOKANE,,,,,2,4,6,2010
TIPPERARY,NENAGH,CLOUGHJORDAN,,,,,,1,1,2010
TIPPERARY,NENAGH,LORRHA,,,,,,1,1,2010
TIPPERARY,NENAGH,NENAGH,,,1,1,5,31,38,2010
TIPPERARY,NENAGH,NEWPORT,,,,,2,9,11,2010
TIPPERARY,NENAGH,PORTROE,,,,,,1,1,2010
TIPPERARY,NENAGH,TOOMEVARA,,,,,1,1,2,2010
MEATH,NAVAN,NAVAN,,1,1,4,11,60,77,2010
MEATH,NAVAN,NOBBER,,,,,,3,3,2010
MEATH,NAVAN,SLANE,,,,,1,3,4,2010
KILDARE,NAAS,BALLYMORE EUSTACE,,,,,,1,1,2010
KILDARE,NAAS,CLANE,,,,,2,8,10,2010
KILDARE,NAAS,KILCULLEN,,,,,,2,2,2010
KILDARE,NAAS,KILL,,,,,1,3,4,2010
KILDARE,NAAS,NAAS,,1,1,1,14,84,101,2010
KILDARE,NAAS,ROBERTSTOWN,,,,,1,4,5,2010
WESTMEATH,MULLINGAR,BALLYNACARGY,,,,,,2,2,2010
WESTMEATH,MULLINGAR,CASTLEPOLLARD,,,,,1,2,3,2010
WESTMEATH,MULLINGAR,CASTLETOWN GEOGHEGAN,,,,,,1,1,2010
WESTMEATH,MULLINGAR,DELVIN,,,,,2,12,14,2010
WESTMEATH,MULLINGAR,FINEA,,,,,,1,1,2010
WESTMEATH,MULLINGAR,KILLUCAN,,,,,,5,5,2010
WESTMEATH,MULLINGAR,KINNEGAD,,,,,1,5,6,2010
WESTMEATH,MULLINGAR,MULLINGAR,1,1,1,5,19,104,131,2010
WESTMEATH,MULLINGAR,MULTYFARNHAM,,,,,,1,1,2010
WESTMEATH,MULLINGAR,ROCHFORTBRIDGE,,,,,1,4,5,2010
CAVAN / MONAGHAN,MONAGHAN,CLONES,,,,,1,8,9,2010
CAVAN / MONAGHAN,MONAGHAN,CLONTIBRET,,,,,1,,1,2010
CAVAN / MONAGHAN,MONAGHAN,EMYVALE,,,,,1,3,4,2010
CAVAN / MONAGHAN,MONAGHAN,MONAGHAN,,1,2,2,15,77,97,2010
CAVAN / MONAGHAN,MONAGHAN,NEWBLISS,,,,,,1,1,2010
CAVAN / MONAGHAN,MONAGHAN,SCOTSTOWN,,,,,1,2,3,2010
CAVAN / MONAGHAN,MILFORD,CARRIGART,,,,,1,2,3,2010
CAVAN / MONAGHAN,MILFORD,CHURCHILL,,,,,,1,1,2010
CAVAN / MONAGHAN,MILFORD,CRAOSLOCH,,,,,,1,1,2010
CAVAN / MONAGHAN,MILFORD,DUNFANAGHY,,,,,,3,3,2010
CAVAN / MONAGHAN,MILFORD,FALCARRAGH,,,,,1,7,8,2010
CAVAN / MONAGHAN,MILFORD,KERRYKEEL,,,,,1,3,4,2010
CAVAN / MONAGHAN,MILFORD,KILMACRENNAN,,,,,1,1,2,2010
CAVAN / MONAGHAN,MILFORD,MILFORD,,,1,,2,24,27,2010
CAVAN / MONAGHAN,MILFORD,RAMELTON,,,,,1,3,4,2010
CAVAN / MONAGHAN,MILFORD,RATHMULLEN,,,,,,1,1,2010
CORK NORTH,MIDLETON,BALLYCOTTON,,,,,,1,1,2010
CORK NORTH,MIDLETON,CLOYNE,,,,,,1,1,2010
CORK NORTH,MIDLETON,KILLEAGH,,,,,,1,1,2010
CORK NORTH,MIDLETON,MIDLETON,,,1,2,8,43,54,2010
CORK NORTH,MIDLETON,WHITEGATE,,,,,,1,1,2010
CORK NORTH,MIDLETON,YOUGHAL,,,,,5,19,24,2010
CORK CITY,MAYFIELD,MALLOW ROAD,,,,,1,4,5,2010
CORK CITY,MAYFIELD,MAYFIELD,,,1,1,8,49,59,2010
CORK CITY,MAYFIELD,WATERCOURSE ROAD,,,,,6,42,48,2010
SLIGO / LEITRIM,MANORHAMILTON,DROMAHAIR,,,,,1,2,3,2010
SLIGO / LEITRIM,MANORHAMILTON,DRUMKERRIN,,,,,1,2,3,2010
SLIGO / LEITRIM,MANORHAMILTON,DRUMSHAMBO,,,,,,4,4,2010
SLIGO / LEITRIM,MANORHAMILTON,GLENFARNE,,,,,,1,1,2010
SLIGO / LEITRIM,MANORHAMILTON,KILTYCLOGHER,,,,,,1,1,2010
SLIGO / LEITRIM,MANORHAMILTON,KINLOUGH,,,,,1,4,5,2010
SLIGO / LEITRIM,MANORHAMILTON,MANORHAMILTON,,,1,,3,16,20,2010
CORK NORTH,MALLOW,BUTTEVANT,,,,,,2,2,2010
CORK NORTH,MALLOW,CHARLEVILLE,,,,,3,15,18,2010
CORK NORTH,MALLOW,DONERAILE,,,,,,2,2,2010
CORK NORTH,MALLOW,GLANTAINE,,,,,,1,1,2010
CORK NORTH,MALLOW,MALLOW,,,1,1,7,37,46,2010
CORK NORTH,MALLOW,MILFORD,,,,,1,1,2,2010
CORK WEST,MACROOM,BALLINGEARY,,,,,,1,1,2010
CORK WEST,MACROOM,BALLYVOURNEY,,,,,1,2,3,2010
CORK WEST,MACROOM,COACHFORD,,,,,1,1,2,2010
CORK WEST,MACROOM,CROOKSTOWN,,,,,1,5,6,2010
CORK WEST,MACROOM,INCHIGEELA,,,,,,1,1,2010
CORK WEST,MACROOM,MACROOM,,,1,1,6,35,43,2010
CORK WEST,MACROOM,STUAKE,,,,,,1,1,2010
CORK WEST,MACROOM,TARELTON,,,,,,1,1,2010
D.M.R. WEST,LUCAN,LUCAN,,,1,3,9,67,80,2010
D.M.R. WEST,LUCAN,RONANSTOWN,,,,1,14,81,96,2010
GALWAY,LOUGHREA,EYRECOURT,,,,,,1,1,2010
GALWAY,LOUGHREA,KILLIMOR,,,,,,1,1,2010
GALWAY,LOUGHREA,KILRICKLE,,,,,,1,1,2010
GALWAY,LOUGHREA,LOUGHREA,,,1,1,5,32,39,2010
GALWAY,LOUGHREA,NEW INN,,,,,,1,1,2010
GALWAY,LOUGHREA,PORTUMNA,,,,,3,6,9,2010
GALWAY,LOUGHREA,TYNAGH,,,,,,1,1,2010
GALWAY,LOUGHREA,WOODFORD,,,,,,1,1,2010
ROSCOMMON / LONGFORD,LONGFORD,BALLYMAHON,,,,,1,5,6,2010
ROSCOMMON / LONGFORD,LONGFORD,KENAGH,,,,,,1,1,2010
ROSCOMMON / LONGFORD,LONGFORD,LANESBORO,,,,,2,4,6,2010
ROSCOMMON / LONGFORD,LONGFORD,LONGFORD,,,1,1,10,50,62,2010
ROSCOMMON / LONGFORD,LONGFORD,NEWTOWNCASHEL,,,,,,1,1,2010
KERRY,LISTOWEL,BALLYBUNION,,,,,2,8,10,2010
KERRY,LISTOWEL,BALLYDUFF,,,,,,1,1,2010
KERRY,LISTOWEL,BALLYHEIGUE,,,,,1,1,2,2010
KERRY,LISTOWEL,BALLYLONGFORD,,,,,,1,1,2010
KERRY,LISTOWEL,BROSNA,,,,,,1,1,2010
KERRY,LISTOWEL,KNOCKNAGOSHALL,,,,,,1,1,2010
KERRY,LISTOWEL,LISTOWEL,,,1,1,6,30,38,2010
KERRY,LISTOWEL,LIXNAW,,,,,,1,1,2010
KERRY,LISTOWEL,MOYVANE,,,,,1,1,2,2010
KERRY,LISTOWEL,TARBERT,,,,,,1,1,2010
DONEGAL,LETTERKENNY,BALLYBOFEY,,,,,3,22,25,2010
DONEGAL,LETTERKENNY,BROCACH,,,,,,1,1,2010
DONEGAL,LETTERKENNY,CARRIGANS,,,,,1,4,5,2010
DONEGAL,LETTERKENNY,CASTLEFIN,,,,,1,3,4,2010
DONEGAL,LETTERKENNY,CONVOY,,,,,1,3,4,2010
DONEGAL,LETTERKENNY,LETTERKENNY,,1,1,4,18,90,114,2010
DONEGAL,LETTERKENNY,LIFFORD,,,,,2,14,16,2010
DONEGAL,LETTERKENNY,NEWTOWNCUNNINGHAM,,,,,1,3,4,2010
DONEGAL,LETTERKENNY,RAPHOE,,,,,1,1,2,2010
KILDARE,LEIXLIP,CARBURY,,,,,,4,4,2010
KILDARE,LEIXLIP,CELBRIDGE,,,,,2,16,18,2010
KILDARE,LEIXLIP,KILCOCK,,,,,,8,8,2010
KILDARE,LEIXLIP,LEIXLIP,,,1,1,5,28,35,2010
KILDARE,LEIXLIP,MAYNOOTH,,,,,1,14,15,2010
MEATH,LAYTOWN,DULEEK,,,,,1,3,4,2010
MEATH,LAYTOWN,LAYTOWN,,,1,,4,20,25,2010
CLARE,KILRUSH,CARRIGAHOLT,,,,,,1,1,2010
CLARE,KILRUSH,DOONBEG,,,,,,1,1,2010
CLARE,KILRUSH,KILDYSART,,,,,1,2,3,2010
CLARE,KILRUSH,KILKEE,,,,,1,2,3,2010
CLARE,KILRUSH,KILMIHIL,,,,,,1,1,2010
CLARE,KILRUSH,KILRUSH,,,1,,2,26,29,2010
CLARE,KILRUSH,LABASHEEDA,,,,,,1,1,2010
KERRY,KILLARNEY,CASTLEISLAND,,,,,2,10,12,2010
KERRY,KILLARNEY,FARRANFORE,,,,,,2,2,2010
KERRY,KILLARNEY,KENMARE,,,,,1,8,9,2010
KERRY,KILLARNEY,KILGARVAN,,,,,,1,1,2010
KERRY,KILLARNEY,KILLARNEY,,,1,1,9,59,70,2010
KERRY,KILLARNEY,LAURAGH,,,,,,1,1,2010
CLARE,KILLALOE,BROADFORD,,,,,,1,1,2010
CLARE,KILLALOE,KILLALOE,,,,,5,27,32,2010
CLARE,KILLALOE,MOUNTSHANNON,,,,,,1,1,2010
CLARE,KILLALOE,SCARIFF,,,,,1,4,5,2010
CLARE,KILLALOE,TULLA,,,,,,2,2,2010
KILKENNY/CARLOW,KILKENNY,CALLAN,,,,,1,5,6,2010
KILKENNY/CARLOW,KILKENNY,CASTLECOMER,,,,,3,11,14,2010
KILKENNY/CARLOW,KILKENNY,FRESHFORD,,,,,,1,1,2010
KILKENNY/CARLOW,KILKENNY,JOHNSTOWN,,,,,2,1,3,2010
KILKENNY/CARLOW,KILKENNY,KILKENNY,1,1,2,3,12,86,105,2010
KILKENNY/CARLOW,KILKENNY,URLINGFORD,,,,,,1,1,2010
KILDARE,KILDARE,ATHY,,,,1,5,23,29,2010
KILDARE,KILDARE,BALLYTORE,,,,,,2,2,2010
KILDARE,KILDARE,CASTLEDERMOT,,,,,1,2,3,2010
KILDARE,KILDARE,KILDARE,,,1,1,4,27,33,2010
KILDARE,KILDARE,MONASTEREVIN,,,,,1,3,4,2010
KILDARE,KILDARE,NEWBRIDGE,,,,,6,39,45,2010
KILDARE,KILDARE,RATHANGAN,,,,,1,3,4,2010
D.M.R. SOUTH CENTRAL,KEVIN STREET,KEVIN STREET,,,1,6,13,136,156,2010
D.M.R. SOUTH CENTRAL,KEVIN STREET,KILMAINHAM,,,,,16,67,83,2010
MEATH,KELLS,BAILE ÁTHA BUÍ,,,,,1,4,5,2010
MEATH,KELLS,CROSSAKEEL,,,,,,1,1,2010
MEATH,KELLS,KELLS,,,1,,8,43,52,2010
MEATH,KELLS,OLDCASTLE,,,,,1,3,4,2010
CORK WEST,KANTURK,BOHERBUE,,,,,,1,1,2010
CORK WEST,KANTURK,KANTURK,,,1,,4,27,32,2010
CORK WEST,KANTURK,KNOCKNAGREE,,,,,,1,1,2010
CORK WEST,KANTURK,MEELIN,,,,,,1,1,2010
CORK WEST,KANTURK,MILLSTREET,,,,,2,10,12,2010
CORK WEST,KANTURK,NEWMARKET,,,,,1,2,3,2010
CORK WEST,KANTURK,RATHMORE,,,,,,1,1,2010
LIMERICK,HENRY STREET,ARDNACRUSHA,,,,,,3,3,2010
LIMERICK,HENRY STREET,CASTLECONNELL,,,,,1,3,4,2010
LIMERICK,HENRY STREET,HENRY STREET,,1,2,7,35,217,262,2010
LIMERICK,HENRY STREET,MARY STREET,,,,,2,19,21,2010
LIMERICK,HENRY STREET,MAYORSTONE PARK,,,,1,12,73,86,2010
CORK CITY,GURRANABRAHER,BALLINCOLLIG,,,,,3,20,23,2010
CORK CITY,GURRANABRAHER,BLARNEY,,,,,2,14,16,2010
CORK CITY,GURRANABRAHER,GURRANABRAHER,,,1,1,6,52,60,2010
CORK CITY,GURRANABRAHER,RATHDUFF GRENAGH,,,,,,2,2,2010
ROSCOMMON / LONGFORD,GRANARD,ARDAGH,,,,,,1,1,2010
ROSCOMMON / LONGFORD,GRANARD,BALLINALEE,,,,,,2,2,2010
ROSCOMMON / LONGFORD,GRANARD,DRUMLISH,,,,,,2,2,2010
ROSCOMMON / LONGFORD,GRANARD,EDGEWORTHSTOWN,,,,,1,6,7,2010
ROSCOMMON / LONGFORD,GRANARD,GRANARD,,,1,,5,23,29,2010
ROSCOMMON / LONGFORD,GRANARD,SMEAR,,,,,,1,1,2010
GALWAY,GORT,ARDRAHAN,,,,,,1,1,2010
GALWAY,GORT,CRAUGHWELL,,,,,1,5,6,2010
GALWAY,GORT,GORT,,,1,,4,23,28,2010
GALWAY,GORT,KILCOLGAN,,,,,,1,1,2010
GALWAY,GORT,KINVARA,,,,,1,1,2,2010
GALWAY,GORT,SHANAGLISH,,,,,,1,1,2010
WEXFORD,GOREY,BUNCLODY,,,,,2,6,8,2010
WEXFORD,GOREY,COURTOWN HARBOUR,,,,,,2,2,2010
WEXFORD,GOREY,GOREY,,,1,1,8,43,53,2010
DONEGAL,GLENTIES,ANNAGRY,,,,,,1,1,2010
DONEGAL,GLENTIES,ARDARA,,,,,1,2,3,2010
DONEGAL,GLENTIES,BUNBEAG,,,,,1,10,11,2010
DONEGAL,GLENTIES,BURTONPORT,,,,,,1,1,2010
DONEGAL,GLENTIES,CARRICK,,,,,1,1,2,2010
DONEGAL,GLENTIES,CLOUGHER,,,,,,1,1,2010
DONEGAL,GLENTIES,DUNGLOE,,,,,2,7,9,2010
DONEGAL,GLENTIES,GLENTIES,,,1,1,3,24,29,2010
GALWAY,GALWAY,ATHENRY,,,,,1,4,5,2010
GALWAY,GALWAY,CARN DOLLA,,,,,,1,1,2010
GALWAY,GALWAY,GALWAY,1,1,3,7,27,175,214,2010
GALWAY,GALWAY,LOUGH GEORGE,,,,,,1,1,2010
GALWAY,GALWAY,MONIVEA,,,,,,1,1,2010
GALWAY,GALWAY,ORANMORE,,,,,4,30,34,2010
D.M.R. NORTH CENTRAL,FITZGIBBON STREET,FITZGIBBON STREET,,,1,4,14,96,115,2010
D.M.R. NORTH CENTRAL,FITZGIBBON STREET,MOUNTJOY,,,,,11,89,100,2010
CORK NORTH,FERMOY,BALLYNOE,,,,,,1,1,2010
CORK NORTH,FERMOY,CASTLETOWNROCHE,,,,,,2,2,2010
CORK NORTH,FERMOY,FERMOY,,1,1,1,10,47,60,2010
CORK NORTH,FERMOY,KILDORRERY,,,,,,1,1,2010
CORK NORTH,FERMOY,KILWORTH,,,,,,2,2,2010
CORK NORTH,FERMOY,MITCHELSTOWN,,,,,3,20,23,2010
CORK NORTH,FERMOY,RATHCORMAC,,,,,,1,1,2010
CLARE,ENNISTYMON,BALLYVAUGHAN,,,,,,1,1,2010
CLARE,ENNISTYMON,COROFIN,,,,,,2,2,2010
CLARE,ENNISTYMON,ENNISTYMON,,,1,,2,20,23,2010
CLARE,ENNISTYMON,INAGH,,,,,,1,1,2010
CLARE,ENNISTYMON,LAHINCH,,,,,1,2,3,2010
CLARE,ENNISTYMON,LISDOONVARNA,,,,,1,1,2,2010
CLARE,ENNISTYMON,MILTOWN MALBAY,,,,,1,2,3,2010
WEXFORD,ENNISCORTHY,BLACKWATER,,,,,1,2,3,2010
WEXFORD,ENNISCORTHY,CLONROCHE,,,,,1,1,2,2010
WEXFORD,ENNISCORTHY,ENNISCORTHY,,,1,1,6,32,40,2010
WEXFORD,ENNISCORTHY,FERNS,,,,,1,2,3,2010
WEXFORD,ENNISCORTHY,KILTEALY,,,,,,1,1,2010
WEXFORD,ENNISCORTHY,OULART,,,,,,1,1,2010
WEXFORD,ENNISCORTHY,OYLEGATE,,,,,1,2,3,2010
CLARE,ENNIS,CRUSHEEN,,,,,,2,2,2010
CLARE,ENNIS,ENNIS,,1,1,4,15,104,125,2010
CLARE,ENNIS,IMMIGRATION OFFICE,,,,,,6,6,2010
CLARE,ENNIS,LISSYCASEY,,,,,,1,1,2010
CLARE,ENNIS,NEWMARKET ON FERGUS,,,,,1,3,4,2010
CLARE,ENNIS,QUIN,,,,,,2,2,2010
CLARE,ENNIS,SHANNON,,,,1,8,52,61,2010
CLARE,ENNIS,SIXMILEBRIDGE,,,,,1,3,4,2010
WATERFORD,DUNGARVAN,AGLISH,,,,,,1,1,2010
WATERFORD,DUNGARVAN,ARDMORE,,,,,,2,2,2010
WATERFORD,DUNGARVAN,BALLYDUFF,,,,,1,,1,2010
WATERFORD,DUNGARVAN,BALLYMACARBERRY,,,,,,2,2,2010
WATERFORD,DUNGARVAN,CAPPOQUIN,,,,,,2,2,2010
WATERFORD,DUNGARVAN,DUNGARVAN,,,1,1,7,41,50,2010
WATERFORD,DUNGARVAN,LISMORE,,,,,1,4,5,2010
WATERFORD,DUNGARVAN,RING,,,,,,1,1,2010
WATERFORD,DUNGARVAN,TALLOW,,,,,1,2,3,2010
LOUTH,DUNDALK,BLACKROCK,,,,,1,4,5,2010
LOUTH,DUNDALK,CARLINGFORD,,,,,1,5,6,2010
LOUTH,DUNDALK,DROMAD,,,,,1,6,7,2010
LOUTH,DUNDALK,DUNDALK,,,1,3,21,108,133,2010
LOUTH,DUNDALK,HACKBALLSCROSS,,,,,2,6,8,2010
LOUTH,DUNDALK,OMEATH,,,,,1,4,5,2010
D.M.R. EAST,DUN LAOGHAIRE,CABINTEELY,,,,1,6,32,39,2010
D.M.R. EAST,DUN LAOGHAIRE,DALKEY,,,,,2,29,31,2010
D.M.R. EAST,DUN LAOGHAIRE,DUN LAOGHAIRE,,1,2,3,19,87,112,2010
D.M.R. EAST,DUN LAOGHAIRE,KILL-O-GRANGE,,,,,2,26,28,2010
D.M.R. EAST,DUN LAOGHAIRE,SHANKILL,,,,1,10,47,58,2010
LOUTH,DROGHEDA,CLOUGHERHEAD,,,,,1,3,4,2010
LOUTH,DROGHEDA,DROGHEDA,,1,1,1,13,84,100,2010
LOUTH,DROGHEDA,DUNLEER,,,,,1,4,5,2010
D.M.R. SOUTH CENTRAL,DONNYBROOK,DONNYBROOK,,,1,3,12,115,131,2010
D.M.R. SOUTH CENTRAL,DONNYBROOK,IRISHTOWN,,,,1,9,45,55,2010
D.M.R. SOUTH,CRUMLIN,CRUMLIN,,1,2,5,17,82,107,2010
D.M.R. SOUTH,CRUMLIN,SUNDRIVE ROAD,,,,,11,66,77,2010
D.M.R. NORTH,COOLOCK,COOLOCK,,,1,5,13,101,120,2010
D.M.R. NORTH,COOLOCK,MALAHIDE,,,,,5,32,37,2010
D.M.R. NORTH,COOLOCK,SWORDS,,,,1,12,71,84,2010
CORK NORTH,COBH,CARRIG NA BHFEAR,,,,,,1,1,2010
CORK NORTH,COBH,CARRIGTWOHILL,,,,,1,2,3,2010
CORK NORTH,COBH,COBH,,,1,1,6,31,39,2010
CORK NORTH,COBH,GLANMIRE,,,,,4,17,21,2010
CORK NORTH,COBH,GLENVILLE,,,,,,1,1,2010
CORK NORTH,COBH,WATERGRASSHILL,,,,,,1,1,2010
TIPPERARY,CLONMEL,CARRICK-ON-SUIR,,,,,1,14,15,2010
TIPPERARY,CLONMEL,CLONMEL,,,1,1,6,43,51,2010
TIPPERARY,CLONMEL,FETHARD,,,,,1,2,3,2010
TIPPERARY,CLONMEL,GRANGEMOCKLER,,,,,,1,1,2010
TIPPERARY,CLONMEL,KILSHEELAN,,,,,,1,1,2010
D.M.R. WEST,CLONDALKIN,BALLYFERMOT,,,,2,13,84,99,2010
D.M.R. WEST,CLONDALKIN,CLONDALKIN,,,1,3,13,83,100,2010
D.M.R. WEST,CLONDALKIN,RATHCOOLE,,,,,2,26,28,2010
CORK WEST,CLONAKILTY,BALTIMORE,,,,,,1,1,2010
CORK WEST,CLONAKILTY,CLONAKILTY,,,1,1,4,22,28,2010
CORK WEST,CLONAKILTY,DRINAGH,,,,,,1,1,2010
CORK WEST,CLONAKILTY,DUNMANWAY,,,,,1,7,8,2010
CORK WEST,CLONAKILTY,ROSSCARBERY,,,,,,2,2,2010
CORK WEST,CLONAKILTY,SKIBBEREEN,,,,,2,8,10,2010
GALWAY,CLIFDEN,CARNA,,,,,1,1,2,2010
GALWAY,CLIFDEN,CLIFDEN,,,1,,4,25,30,2010
GALWAY,CLIFDEN,LENNAUN,,,,,,1,1,2010
GALWAY,CLIFDEN,LETTERFRACK,,,,,,1,1,2010
GALWAY,CLIFDEN,MAAM,,,,,,2,2,2010
GALWAY,CLIFDEN,RECESS,,,,,,1,1,2010
GALWAY,CLIFDEN,cloch na ron,,,,,,1,1,2010
MAYO,CLAREMORRIS,BALLINDINE,,,,,,1,1,2010
MAYO,CLAREMORRIS,BALLINROBE,,,,,2,7,9,2010
MAYO,CLAREMORRIS,CLAREMORRIS,,,1,,5,30,36,2010
MAYO,CLAREMORRIS,CONG,,,,,,1,1,2010
MAYO,CLAREMORRIS,HOLLYMOUNT,,,,,,1,1,2010
MAYO,CLAREMORRIS,KNOCK,,,,,1,1,2,2010
MAYO,CLAREMORRIS,SHRULE,,,,,,1,1,2010
CAVAN / MONAGHAN,CAVAN,ARVA,,,,,1,2,3,2010
CAVAN / MONAGHAN,CAVAN,BALLINAGH,,,,,1,2,3,2010
CAVAN / MONAGHAN,CAVAN,CAVAN,,,1,2,10,56,69,2010
CAVAN / MONAGHAN,CAVAN,KILNALECK,,,,,1,3,4,2010
CAVAN / MONAGHAN,CAVAN,REDHILLS,,,,,,1,1,2010
CAVAN / MONAGHAN,CAVAN,STRADONE,,,,,,1,1,2010
ROSCOMMON / LONGFORD,CASTLEREA,BALLAGHADERREEN,,,,,1,6,7,2010
ROSCOMMON / LONGFORD,CASTLEREA,BALLINLOUGH,,,,,,2,2,2010
ROSCOMMON / LONGFORD,CASTLEREA,BALLINTUBBER,,,,,,1,1,2010
ROSCOMMON / LONGFORD,CASTLEREA,CASTLEREA,,,1,1,6,27,35,2010
ROSCOMMON / LONGFORD,CASTLEREA,FRENCHPARK,,,,,1,2,3,2010
ROSCOMMON / LONGFORD,CASTLEREA,LOUGHGLYNN,,,,,,1,1,2010
ROSCOMMON / LONGFORD,CASTLEREA,TULSK,,,,,,1,1,2010
MAYO,CASTLEBAR,BALLA,,,,,1,1,2,2010
MAYO,CASTLEBAR,BALLYGLASS,,,,,,1,1,2010
MAYO,CASTLEBAR,BALLYVARY,,,,,,1,1,2010
MAYO,CASTLEBAR,CASTLEBAR,,1,,2,14,56,73,2010
MAYO,CASTLEBAR,GARDA INFO SERVICES,,,,1,2,,3,2010
MAYO,CASTLEBAR,PARTRY,,,,,1,1,2,2010
MAYO,CASTLEBAR,TOURMAKEADY,,,,,,1,1,2010
CAVAN / MONAGHAN,CARRICKMACROSS,BALLYBAY,,,,,1,4,5,2010
CAVAN / MONAGHAN,CARRICKMACROSS,CARRICKMACROSS,,,1,1,7,42,51,2010
CAVAN / MONAGHAN,CARRICKMACROSS,CASTLEBLANEY,,,,,4,20,24,2010
CAVAN / MONAGHAN,CARRICKMACROSS,CORRINSHIGAGH,,,,,1,1,2,2010
CAVAN / MONAGHAN,CARRICKMACROSS,ROCKCORRY,,,,,,1,1,2010
CAVAN / MONAGHAN,CARRICKMACROSS,SHANTONAGH,,,,,1,1,2,2010
SLIGO / LEITRIM,CARRICK-ON-SHANNON,BALLINAMORE,,,,,1,5,6,2010
SLIGO / LEITRIM,CARRICK-ON-SHANNON,CARRICK-ON-SHANNON,,,1,1,5,37,44,2010
SLIGO / LEITRIM,CARRICK-ON-SHANNON,CARRIGALLEN,,,,,,1,1,2010
SLIGO / LEITRIM,CARRICK-ON-SHANNON,CLOONE,,,,,,1,1,2010
SLIGO / LEITRIM,CARRICK-ON-SHANNON,DROMOD,,,,,,1,1,2010
SLIGO / LEITRIM,CARRICK-ON-SHANNON,KESHCARRIGAN,,,,,,1,1,2010
SLIGO / LEITRIM,CARRICK-ON-SHANNON,MOHILL,,,,,,5,5,2010
KILKENNY/CARLOW,CARLOW,BALLON,,,,,,1,1,2010
KILKENNY/CARLOW,CARLOW,BORRIS,,,,,,2,2,2010
KILKENNY/CARLOW,CARLOW,CARLOW,,,1,1,9,66,77,2010
KILKENNY/CARLOW,CARLOW,HACKETSTOWN,,,,,,1,1,2010
KILKENNY/CARLOW,CARLOW,LEIGHLINBRIDGE,,,,,,2,2,2010
KILKENNY/CARLOW,CARLOW,MUINEBHEAG,,,,,2,9,11,2010
KILKENNY/CARLOW,CARLOW,MYSHALL,,,,,,1,1,2010
KILKENNY/CARLOW,CARLOW,RATHVILLY,,,,,,1,1,2010
KILKENNY/CARLOW,CARLOW,TULLOW,,,,,2,16,18,2010
TIPPERARY,CAHIR,ARDFINNAN,,,,,1,1,2,2010
TIPPERARY,CAHIR,BALLYPOREEN,,,,,,1,1,2010
TIPPERARY,CAHIR,CAHIR,,,1,1,5,36,43,2010
TIPPERARY,CAHIR,CASHEL,,,,,3,11,14,2010
TIPPERARY,CAHIR,CLOGHEEN,,,,,,1,1,2010
TIPPERARY,CAHIR,NEW INN,,,,,,1,1,2010
KERRY,CAHERCIVEEN,BALLINSKELLIGS,,,,,,1,1,2010
KERRY,CAHERCIVEEN,CAHERCIVEEN,,,1,,3,20,24,2010
KERRY,CAHERCIVEEN,CASTLEMAINE,,,,,,1,1,2010
KERRY,CAHERCIVEEN,GLENBEIGH,,,,,,1,1,2010
KERRY,CAHERCIVEEN,KILLORGLIN,,,,,3,10,13,2010
KERRY,CAHERCIVEEN,PORTMAGEE,,,,,,1,1,2010
KERRY,CAHERCIVEEN,SNEEM,,,,,1,1,2,2010
KERRY,CAHERCIVEEN,VALENTIA ISLAND,,,,,,1,1,2010
KERRY,CAHERCIVEEN,WATERVILLE,,,,,,1,1,2010
DONEGAL,BUNCRANA,BUNCRANA,,,1,1,6,49,57,2010
DONEGAL,BUNCRANA,BURNFOOT,,,,,1,4,5,2010
DONEGAL,BUNCRANA,CARNDONAGH,,,,,1,2,3,2010
DONEGAL,BUNCRANA,CLONMANY,,,,,,2,2,2010
DONEGAL,BUNCRANA,MALIN,,,,,,4,4,2010
DONEGAL,BUNCRANA,MOVILLE,,,,,1,5,6,2010
DONEGAL,BUNCRANA,MUFF,,,,,1,3,4,2010
LIMERICK,BRUFF,BALLYLANDERS,,,,,,1,1,2010
LIMERICK,BRUFF,BRUFF,,,1,,4,19,24,2010
LIMERICK,BRUFF,BRUREE,,,,,,1,1,2010
LIMERICK,BRUFF,CAPPAMORE,,,,,1,1,2,2010
LIMERICK,BRUFF,DOON,,,,,,1,1,2010
LIMERICK,BRUFF,GALBALLY,,,,,,1,1,2010
LIMERICK,BRUFF,HOSPITAL,,,,,,1,1,2010
LIMERICK,BRUFF,KILFINANE,,,,,,1,1,2010
LIMERICK,BRUFF,KILMALLOCK,,,,,1,5,6,2010
LIMERICK,BRUFF,MURROE,,,,,,3,3,2010
LIMERICK,BRUFF,OOLA,,,,,,1,1,2010
LIMERICK,BRUFF,pallasgreen,,,,,,2,2,2010
D.M.R. NORTH CENTRAL,BRIDEWELL,BRIDEWELL,,,1,7,32,138,178,2010
D.M.R. NORTH CENTRAL,BRIDEWELL,FIXED PENALTY OFFICE,,,,,,1,1,2010
WICKLOW,BRAY,BRAY,,1,1,5,16,110,133,2010
WICKLOW,BRAY,ENNISKERRY,,,,,1,5,6,2010
WICKLOW,BRAY,GREYSTONES,,,,,5,31,36,2010
WICKLOW,BRAY,NEWTOWNMOUNTKENNEDY,,,,,1,2,3,2010
ROSCOMMON / LONGFORD,BOYLE,BOYLE,,,1,,4,23,28,2010
ROSCOMMON / LONGFORD,BOYLE,COOTEHALL,,,,,,1,1,2010
ROSCOMMON / LONGFORD,BOYLE,ELPHIN,,,,,1,1,2,2010
ROSCOMMON / LONGFORD,BOYLE,KEADUE,,,,,,1,1,2010
ROSCOMMON / LONGFORD,BOYLE,ROOSKY,,,,,1,2,3,2010
ROSCOMMON / LONGFORD,BOYLE,STROKESTOWN,,,,,1,3,4,2010
ROSCOMMON / LONGFORD,BOYLE,TARMONBARRY,,,,,,2,2,2010
D.M.R. WEST,BLANCHARDSTOWN,BLANCHARDSTOWN,,1,2,4,31,157,195,2010
D.M.R. WEST,BLANCHARDSTOWN,CABRA,,,,,8,60,68,2010
D.M.R. WEST,BLANCHARDSTOWN,FINGLAS,,,,3,14,105,122,2010
D.M.R. EAST,BLACKROCK,BLACKROCK,,,,4,12,80,96,2010
D.M.R. EAST,BLACKROCK,DUNDRUM,,,,1,9,68,78,2010
D.M.R. EAST,BLACKROCK,STEPASIDE,,,,,3,28,31,2010
LAOIS / OFFALY,BIRR,BANAGHER,,,,,1,4,5,2010
LAOIS / OFFALY,BIRR,BIRR,,,1,,6,23,30,2010
LAOIS / OFFALY,BIRR,CLOGHAN,,,,,,1,1,2010
LAOIS / OFFALY,BIRR,FERBANE,,,,,1,4,5,2010
LAOIS / OFFALY,BIRR,KILCORMAC,,,,,,2,2,2010
LAOIS / OFFALY,BIRR,KINNITTY,,,,,,1,1,2010
LAOIS / OFFALY,BIRR,SHANNONBRIDGE,,,,,,1,1,2010
LAOIS / OFFALY,BIRR,SHINRONE,,,,,,2,2,2010
MAYO,BELMULLET,BALLYCROY,,,,,,1,1,2010
MAYO,BELMULLET,BANGOR ERRIS,,,,,1,2,3,2010
MAYO,BELMULLET,BELLACORICK,,,,,,1,1,2010
MAYO,BELMULLET,BELMULLET,,,1,1,3,14,19,2010
MAYO,BELMULLET,BLACKSOD,,,,,,1,1,2010
MAYO,BELMULLET,GLENAMOY,,,,,,1,1,2010
CORK WEST,BANTRY,ADRIGOLE,,,,,,1,1,2010
CORK WEST,BANTRY,BALLYDEHOB,,,,,,1,1,2010
CORK WEST,BANTRY,BANTRY,,,1,1,4,29,35,2010
CORK WEST,BANTRY,CASTLETOWNBERE,,,,,1,3,4,2010
CORK WEST,BANTRY,DRIMOLEAGUE,,,,,,1,1,2010
CORK WEST,BANTRY,DURRUS,,,,,,1,1,2010
CORK WEST,BANTRY,GLENGARRIFF,,,,,,1,1,2010
CORK WEST,BANTRY,GOLEEN,,,,,,1,1,2010
CORK WEST,BANTRY,KEALKIL,,,,,,1,1,2010
CORK WEST,BANTRY,SCHULL,,,,,1,3,4,2010
CORK WEST,BANDON,BALLINEEN,,,,,,2,2,2010
CORK WEST,BANDON,BALLINHASSIG,,,,,,2,2,2010
CORK WEST,BANDON,BALLYFEARD,,,,,,1,1,2010
CORK WEST,BANDON,BANDON,,1,1,3,13,67,85,2010
CORK WEST,BANDON,INNISHANNON,,,,,,1,1,2010
CORK WEST,BANDON,KILBRITTAIN,,,,,,1,1,2010
CORK WEST,BANDON,KINSALE,,,,,3,13,16,2010
CORK WEST,BANDON,TIMOLEAGUE,,,,,,1,1,2010
WICKLOW,BALTINGLASS,BALTINGLASS,,,1,1,6,31,39,2010
WICKLOW,BALTINGLASS,BLESSINGTON,,,,,2,15,17,2010
WICKLOW,BALTINGLASS,CARNEW,,,,,1,3,4,2010
WICKLOW,BALTINGLASS,DONARD,,,,,,1,1,2010
WICKLOW,BALTINGLASS,DUNLAVIN,,,,,,2,2,2010
WICKLOW,BALTINGLASS,HOLLYWOOD,,,,,,1,1,2010
WICKLOW,BALTINGLASS,SHILLELAGH,,,,,,1,1,2010
WICKLOW,BALTINGLASS,TINAHELY,,,,,,2,2,2010
DONEGAL,BALLYSHANNON,BALLINTRA,,,,,,2,2,2010
DONEGAL,BALLYSHANNON,BALLYSHANNON,,,1,1,7,38,47,2010
DONEGAL,BALLYSHANNON,BUNDORAN,,,,,1,7,8,2010
DONEGAL,BALLYSHANNON,DONEGAL TOWN,,,,,5,29,34,2010
DONEGAL,BALLYSHANNON,MOUNTCHARLES,,,,,,1,1,2010
DONEGAL,BALLYSHANNON,NA CEALLA BEAGA,,,,,1,5,6,2010
DONEGAL,BALLYSHANNON,PETTIGO,,,,,,1,1,2010
D.M.R. NORTH,BALLYMUN,BALLYMUN,,1,1,2,24,100,128,2010
D.M.R. NORTH,BALLYMUN,DUBLIN AIRPORT,,,,,4,18,22,2010
D.M.R. NORTH,BALLYMUN,SANTRY,,,,3,9,70,82,2010
D.M.R. NORTH,BALLYMUN,WHITEHALL,,,,2,6,36,44,2010
SLIGO / LEITRIM,BALLYMOTE,ACLARE,,,,,1,1,2,2010
SLIGO / LEITRIM,BALLYMOTE,BALLYFARNAN,,,,,,1,1,2010
SLIGO / LEITRIM,BALLYMOTE,BALLYMOTE,,,,1,3,23,27,2010
SLIGO / LEITRIM,BALLYMOTE,BUNNANADDEN,,,,,,1,1,2010
SLIGO / LEITRIM,BALLYMOTE,EASKEY,,,,,,2,2,2010
SLIGO / LEITRIM,BALLYMOTE,ENNISCRONE,,,,,1,4,5,2010
SLIGO / LEITRIM,BALLYMOTE,GURTEEN,,,,,1,1,2,2010
SLIGO / LEITRIM,BALLYMOTE,RIVERSTOWN,,,,,1,1,2,2010
SLIGO / LEITRIM,BALLYMOTE,TUBBERCURRY,,,,,1,6,7,2010
CAVAN / MONAGHAN,BALLYCONNELL,BALLYCONNELL,,,1,,5,23,29,2010
CAVAN / MONAGHAN,BALLYCONNELL,BAWNBOY,,,,,,1,1,2010
CAVAN / MONAGHAN,BALLYCONNELL,BELTURBET,,,,,1,3,4,2010
CAVAN / MONAGHAN,BALLYCONNELL,BLACKLION,,,,,1,3,4,2010
CAVAN / MONAGHAN,BALLYCONNELL,DOWRA,,,,,1,,1,2010
CAVAN / MONAGHAN,BALLYCONNELL,KILLESHANDRA,,,,,1,1,2,2010
CAVAN / MONAGHAN,BALLYCONNELL,SWANLINBAR,,,,,1,1,2,2010
GALWAY,BALLINASLOE,BALLINASLOE,,,1,1,7,38,47,2010
GALWAY,BALLINASLOE,BALLYGAR,,,,,1,1,2,2010
GALWAY,BALLINASLOE,CREGGS,,,,,,1,1,2010
GALWAY,BALLINASLOE,KILCONNELL,,,,,,1,1,2010
GALWAY,BALLINASLOE,MENLOUGH,,,,,,1,1,2010
GALWAY,BALLINASLOE,MOUNT BELLEW,,,,,2,8,10,2010
GALWAY,BALLINASLOE,MOYLOUGH,,,,,,1,1,2010
MAYO,BALLINA,BALLINA,,,1,1,5,41,48,2010
MAYO,BALLINA,BALLYCASTLE,,,,,,1,1,2010
MAYO,BALLINA,CROSSMOLINA,,,,,1,3,4,2010
MAYO,BALLINA,KILLALA,,,,,,1,1,2010
MAYO,BALLINA,LAHARDANE,,,,,,1,1,2010
D.M.R. NORTH,BALBRIGGAN,BALBRIGGAN,,,1,3,6,58,68,2010
D.M.R. NORTH,BALBRIGGAN,GARRISTOWN,,,,,1,2,3,2010
D.M.R. NORTH,BALBRIGGAN,LUSK,,,,,1,6,7,2010
D.M.R. NORTH,BALBRIGGAN,RUSH,,,,,1,4,5,2010
D.M.R. NORTH,BALBRIGGAN,SKERRIES,,,,,1,10,11,2010
CAVAN / MONAGHAN,BAILIEBORO,BAILIEBORO,,,1,1,8,30,40,2010
CAVAN / MONAGHAN,BAILIEBORO,BALLYJAMESDUFF,,,,,1,3,4,2010
CAVAN / MONAGHAN,BAILIEBORO,COOTEHILL,,,,,1,8,9,2010
CAVAN / MONAGHAN,BAILIEBORO,KINGSCOURT,,,,,1,5,6,2010
CAVAN / MONAGHAN,BAILIEBORO,MULLAGH,,,,,,1,1,2010
CAVAN / MONAGHAN,BAILIEBORO,SHERCOCK,,,,,1,1,2,2010
CAVAN / MONAGHAN,BAILIEBORO,VIRGINIA,,,,,1,4,5,2010
WESTMEATH,ATHLONE,ATHLONE,,,1,2,8,56,67,2010
WESTMEATH,ATHLONE,BALLINAHOWN,,,,,,1,1,2010
WESTMEATH,ATHLONE,BALLYMORE,,,,,,2,2,2010
WESTMEATH,ATHLONE,GLASSON,,,,,,2,2,2010
WESTMEATH,ATHLONE,KILBEGGAN,,,,,1,3,4,2010
WESTMEATH,ATHLONE,MOATE,,,,,3,14,17,2010
LIMERICK,ASKEATON,ADARE,,,,,,2,2,2010
LIMERICK,ASKEATON,ASKEATON,,,1,,3,18,22,2010
LIMERICK,ASKEATON,CROOM,,,,,1,3,4,2010
LIMERICK,ASKEATON,FOYNES,,,,,,1,1,2010
LIMERICK,ASKEATON,GLIN,,,,,,1,1,2010
LIMERICK,ASKEATON,PALLASKENRY,,,,,,1,1,2010
LIMERICK,ASKEATON,RATHKEALE,,,,,1,6,7,2010
LIMERICK,ASKEATON,SHANAGOLDEN,,,,,,1,1,2010
MEATH,ASHBOURNE,ASHBOURNE,,,1,1,7,39,48,2010
MEATH,ASHBOURNE,DUNBOYNE,,,,,1,15,16,2010
MEATH,ASHBOURNE,DUNSHAUGHLIN,,,,,4,20,24,2010
LOUTH,ARDEE,ARDEE,,,1,1,7,22,31,2010
LOUTH,ARDEE,CASTLEBELLINGHAM,,,,,,3,3,2010
LOUTH,ARDEE,COLLON,,,,,1,5,6,2010
LOUTH,ARDEE,LOUTH,,,,,1,,1,2010
CORK CITY,ANGLESEA STREET,ANGLESEA STREET,1,1,3,9,42,219,275,2010
CORK CITY,ANGLESEA STREET,BARRACK STREET,,,,,5,16,21,2010
CORK CITY,ANGLESEA STREET,BLACKROCK,,,,,4,26,30,2010
CORK CITY,ANGLESEA STREET,BRIDEWELL,,,,,5,17,22,2010
LAOIS / OFFALY,ABBEYLEIX,ABBEYLEIX,,,,,5,21,26,2010
LAOIS / OFFALY,ABBEYLEIX,ARLES,,,,,,2,2,2010
LAOIS / OFFALY,ABBEYLEIX,BALLACOLLA,,,,,,1,1,2010
LAOIS / OFFALY,ABBEYLEIX,BALLINAKILL,,,,,,1,1,2010
LAOIS / OFFALY,ABBEYLEIX,BALLYLINAN,,,,,1,3,4,2010
LAOIS / OFFALY,ABBEYLEIX,BORRIS-IN-OSSORY,,,,,,1,1,2010
LAOIS / OFFALY,ABBEYLEIX,DURROW,,,,,,2,2,2010
LAOIS / OFFALY,ABBEYLEIX,RATHDOWNEY,,,,,1,3,4,2010