Divisions,Station,Assistant_Commissioner,chief_superintendent,Superintendent,Insp,Sergt,Garda,Grand Total,Year
WICKLOW,ARKLOW,,,,1,5,30,36,2010
WICKLOW,ASHFORD,,,,,2,10,12,2010
WICKLOW,AUGHRIM,,,,,,2,2,2010
WICKLOW,AVOCA,,,,,1,2,3,2010
WICKLOW,RATHDRUM,,,,,1,4,5,2010
WICKLOW,ROUNDWOOD,,,,,1,3,4,2010
WICKLOW,WICKLOW,,,1,1,5,41,48,2010
WEXFORD,BALDWINSTOWN,,,,,,1,1,2010
WEXFORD,CASTLEBRIDGE,,,,,1,2,3,2010
WEXFORD,GLYNN,,,,,,1,1,2010
WEXFORD,KILMORE QUAY,,,,,1,1,2,2010
WEXFORD,ROSSLARE HARBOUR,,,,,1,6,7,2010
WEXFORD,ROSSLARE STRAND,,,,,1,1,2,2010
WEXFORD,TAGHMON,,,,,,3,3,2010
WEXFORD,WEXFORD,,1,1,2,13,78,95,2010
MAYO,ACHILL SOUND,,,,,,2,2,2010
MAYO,LOUISBURGH,,,,,1,1,2,2010
MAYO,MULRANNY,,,,,,1,1,2010
MAYO,NEWPORT,,,,,1,2,3,2010
MAYO,WESTPORT,,,1,,3,26,30,2010
WATERFORD,DUNMORE EAST,,,,,1,2,3,2010
WATERFORD,FERRYBANK,,,,,1,6,7,2010
WATERFORD,PASSAGE EAST,,,,,,1,1,2010
WATERFORD,WATERFORD,,1,2,4,25,141,173,2010
LAOIS / OFFALY,CLARA,,,,,1,4,5,2010
LAOIS / OFFALY,DAINGEAN,,,,,,1,1,2010
LAOIS / OFFALY,EDENDERRY,,,,,3,10,13,2010
LAOIS / OFFALY,RHODE,,,,,,2,2,2010
LAOIS / OFFALY,TULLAMORE,,,1,2,11,62,76,2010
GALWAY,WOODFORD,,,,,,1,1,2010
GALWAY,WILLIAMSTOWN,,,,,,1,1,2010
GALWAY,UACHTARARD,,,,,1,5,6,2010
GALWAY,TYNAGH,,,,,,1,1,2010
GALWAY,TUAM,,,1,1,8,45,55,2010
GALWAY,SPIDDLE,,,,,1,2,3,2010
GALWAY,SHANAGLISH,,,,,,1,1,2010
GALWAY,SALTHILL,,,1,1,8,47,57,2010
GALWAY,ROS MUC,,,,,,1,1,2010
GALWAY,RECESS,,,,,,1,1,2010
MEATH,BALLIVOR,,,,,1,2,3,2010
MEATH,ENFIELD,,,,,1,6,7,2010
MEATH,KILMESSAN,,,,,,1,1,2010
MEATH,LONGWOOD,,,,,1,1,2,2010
MEATH,SUMMERHILL,,,,,1,2,3,2010
MEATH,TRIM,,,1,,5,28,34,2010
WATERFORD,KILL,,,,,,1,1,2010
WATERFORD,KILMACTHOMAS,,,,,1,4,5,2010
WATERFORD,KILMEADEN,,,,,,2,2,2010
WATERFORD,LEAMYBRIEN,,,,,,1,1,2010
WATERFORD,PORTLAW,,,,,1,2,3,2010
WATERFORD,RATHGORMACK,,,,,,1,1,2010
WATERFORD,TRAMORE,,,1,,5,32,38,2010
KERRY,ABBEYDORNEY,,,,,,1,1,2010
KERRY,ANNASCAUL,,,,,,1,1,2010
KERRY,ARDFERT,,,,,,2,2,2010
KERRY,BAILE AN FHEIRTÉARAIG,,,,,,1,1,2010
KERRY,CAMP,,,,,,1,1,2010
KERRY,CASTLEGREGORY,,,,,,1,1,2010
KERRY,CLOCHAN,,,,,,1,1,2010
KERRY,DINGLE,,,,,2,7,9,2010
KERRY,FENIT,,,,,,1,1,2010
KERRY,TRALEE,,1,1,3,20,93,118,2010
KERRY,BISHOPSTOWN,,,,,3,19,22,2010
KERRY,CARRIGALINE,,,,,3,18,21,2010
KERRY,CROSSHAVEN,,,,,1,2,3,2010
KERRY,DOUGLAS,,,,,4,23,27,2010
KERRY,PASSAGE WEST,,,,,1,3,4,2010
KERRY,TOGHER,,,1,1,10,48,60,2010
KERRY,BANSHA,,,,,,1,1,2010
KERRY,CAPPAWHITE,,,,,,1,1,2010
KERRY,DUNDRUM,,,,,,1,1,2010
KERRY,EMLY,,,,,,1,1,2010
KERRY,GOLDEN,,,,,,1,1,2010
KERRY,TIPPERARY TOWN,,,1,1,7,23,32,2010
TIPPERARY,BALLINGARRY SOUTH,,,,,,2,2,2010
TIPPERARY,G.C.V.U.,,,1,,4,,5,2010
TIPPERARY,HOLYCROSS,,,,,,1,1,2010
TIPPERARY,KILLENAULE,,,,,1,4,5,2010
TIPPERARY,LITTLETON,,,,,,1,1,2010
TIPPERARY,THURLES,,1,1,2,10,61,75,2010
KILKENNY/CARLOW,BALLYHALE,,,,,,1,1,2010
KILKENNY/CARLOW,BENNETSBRIDGE,,,,,,1,1,2010
KILKENNY/CARLOW,GLENMORE,,,,,,1,1,2010
KILKENNY/CARLOW,GORESBRIDGE,,,,,,2,2,2010
KILKENNY/CARLOW,GRAIGUENAMANAGH,,,,,2,5,7,2010
KILKENNY/CARLOW,INISTIOGE,,,,,,1,1,2010
KILKENNY/CARLOW,KILMACOW,,,,,,1,1,2010
KILKENNY/CARLOW,KILMOGANNY,,,,,,1,1,2010
KILKENNY/CARLOW,MOONCOIN,,,,,,8,8,2010
KILKENNY/CARLOW,MULLINAVAT,,,,,1,5,6,2010
KILKENNY/CARLOW,PILTOWN,,,,,,1,1,2010
KILKENNY/CARLOW,STONYFORD,,,,,,1,1,2010
KILKENNY/CARLOW,THOMASTOWN,,,1,2,7,32,42,2010
TIPPERARY,BORRISOLEIGH,,,,,1,,1,2010
TIPPERARY,MONEYGALL,,,,,,1,1,2010
TIPPERARY,MOYNE,,,,,1,1,2,2010
TIPPERARY,REARCROSS,,,,,,1,1,2010
TIPPERARY,ROSCREA,,,,,2,18,20,2010
TIPPERARY,TEMPLEMORE,,,1,,4,33,38,2010
TIPPERARY,TEMPLETUOHY,,,,,,1,1,2010
TIPPERARY,RATHFARNHAM,,,,,8,68,76,2010
TIPPERARY,TALLAGHT,,,1,5,19,174,199,2010
TIPPERARY,BALLYHAUNIS,,,,,2,8,10,2010
TIPPERARY,CHARLESTOWN,,,,,1,6,7,2010
TIPPERARY,FOXFORD,,,,,1,2,3,2010
TIPPERARY,KILKELLY,,,,,1,8,9,2010
TIPPERARY,KILTIMAGH,,,,,1,2,3,2010
TIPPERARY,SWINFORD,,,1,,2,23,26,2010
D.M.R. NORTH CENTRAL,IMMIGRATION D/DOCKS,,,,,1,7,8,2010
D.M.R. NORTH CENTRAL,STORE STREET,,1,2,5,33,250,291,2010
SLIGO / LEITRIM,CLIFFONEY,,,,,,1,1,2010
SLIGO / LEITRIM,COLLOONEY,,,,,1,4,5,2010
SLIGO / LEITRIM,COOLANEY,,,,,1,,1,2010
SLIGO / LEITRIM,GRANGE,,,,,1,4,5,2010
SLIGO / LEITRIM,ROSSES POINT,,,,,1,1,2,2010
SLIGO / LEITRIM,SKREEN,,,,,,1,1,2010
SLIGO / LEITRIM,SLIGO,1,1,2,6,22,128,160,2010
GALWAY,PORTUMNA,,,,,3,6,9,2010
GALWAY,ORANMORE,,,,,4,30,34,2010
GALWAY,NEW INN,,,,,,1,1,2010
GALWAY,MOYLOUGH,,,,,,1,1,2010
GALWAY,MOYCULLEN,,,,,,2,2,2010
GALWAY,MOUNT BELLEW,,,,,2,8,10,2010
GALWAY,MONIVEA,,,,,,1,1,2010
GALWAY,MILLTOWN,,,,,,1,1,2010
GALWAY,MENLOUGH,,,,,,1,1,2010
LIMERICK,CAHERCONLISH,,,,,,1,1,2010
LIMERICK,ROXBORO ROAD,,,1,3,18,117,139,2010
ROSCOMMON / LONGFORD,ATHLEAGUE,,,,,1,1,2,2010
ROSCOMMON / LONGFORD,BALLYFORAN,,,,,,1,1,2010
ROSCOMMON / LONGFORD,CLONARK,,,,,,1,1,2010
ROSCOMMON / LONGFORD,KNOCKCROGHERY,,,,,1,8,9,2010
ROSCOMMON / LONGFORD,ROSCOMMON,,,1,3,12,62,78,2010
ROSCOMMON / LONGFORD,TAUGHMACONNELL,,,,,,1,1,2010
D.M.R. SOUTH,RATHMINES,,,,,8,60,68,2010
D.M.R. SOUTH,TERENURE,,,1,6,16,82,105,2010
D.M.R. NORTH,CLONTARF,,,,1,10,68,79,2010
D.M.R. NORTH,HOWTH,,,,1,5,32,38,2010
D.M.R. NORTH,RAHENY,,,1,3,8,63,75,2010
LAOIS / OFFALY,CLONASLEE,,,,,,2,2,2010
LAOIS / OFFALY,MOUNTMELLICK,,,,,1,6,7,2010
LAOIS / OFFALY,MOUNTRATH,,,,,1,2,3,2010
LAOIS / OFFALY,PORTARLINGTON,,,,,2,11,13,2010
LAOIS / OFFALY,PORTLAOISE,,1,1,3,19,84,108,2010
LAOIS / OFFALY,STRADBALLY,,,,,,2,2,2010
D.M.R. SOUTH CENTRAL,HARCOURT TERRACE,,,,,9,71,80,2010
D.M.R. SOUTH CENTRAL,PEARSE STREET,,1,2,7,33,223,266,2010
LIMERICK,ABBEYFEALE,,,,,2,7,9,2010
LIMERICK,ATHEA,,,,,,1,1,2010
LIMERICK,BALLINGARRY,,,,,,1,1,2010
LIMERICK,CASTLETOWN CONYERS,,,,,,1,1,2010
LIMERICK,DRUMCOLLOGHER,,,,,1,1,2,2010
LIMERICK,KILMEEDY,,,,,,1,1,2010
LIMERICK,NEWCASTLE WEST,,,1,1,4,22,28,2010
LIMERICK,TOURNAFULLA,,,,,,1,1,2010
LIMERICK,BALLYCULLANE,,,,,,2,2,2010
LIMERICK,CAMPILE,,,,,,2,2,2010
LIMERICK,CARRICK-ON-BANNOW,,,,,,1,1,2010
LIMERICK,CARRICKBYRNE,,,,,1,1,2,2010
LIMERICK,DUNCANNON,,,,,1,3,4,2010
LIMERICK,NEW ROSS,,,1,1,4,34,40,2010
TIPPERARY,BORRISOKANE,,,,,2,4,6,2010
TIPPERARY,CLOUGHJORDAN,,,,,,1,1,2010
TIPPERARY,LORRHA,,,,,,1,1,2010
TIPPERARY,NENAGH,,,1,1,5,31,38,2010
TIPPERARY,NEWPORT,,,,,2,9,11,2010
TIPPERARY,PORTROE,,,,,,1,1,2010
TIPPERARY,TOOMEVARA,,,,,1,1,2,2010
MEATH,NAVAN,,1,1,4,11,60,77,2010
MEATH,NOBBER,,,,,,3,3,2010
MEATH,SLANE,,,,,1,3,4,2010
KILDARE,BALLYMORE EUSTACE,,,,,,1,1,2010
KILDARE,CLANE,,,,,2,8,10,2010
KILDARE,KILCULLEN,,,,,,2,2,2010
KILDARE,KILL,,,,,1,3,4,2010
KILDARE,NAAS,,1,1,1,14,84,101,2010
KILDARE,ROBERTSTOWN,,,,,1,4,5,2010
WESTMEATH,BALLYNACARGY,,,,,,2,2,2010
WESTMEATH,CASTLEPOLLARD,,,,,1,2,3,2010
WESTMEATH,CASTLETOWN GEOGHEGAN,,,,,,1,1,2010
WESTMEATH,DELVIN,,,,,2,12,14,2010
WESTMEATH,FINEA,,,,,,1,1,2010
WESTMEATH,KILLUCAN,,,,,,5,5,2010
WESTMEATH,KINNEGAD,,,,,1,5,6,2010
WESTMEATH,MULLINGAR,1,1,1,5,19,104,131,2010
WESTMEATH,MULTYFARNHAM,,,,,,1,1,2010
WESTMEATH,ROCHFORTBRIDGE,,,,,1,4,5,2010
CAVAN / MONAGHAN,CLONES,,,,,1,8,9,2010
CAVAN / MONAGHAN,CLONTIBRET,,,,,1,,1,2010
CAVAN / MONAGHAN,EMYVALE,,,,,1,3,4,2010
CAVAN / MONAGHAN,MONAGHAN,,1,2,2,15,77,97,2010
CAVAN / MONAGHAN,NEWBLISS,,,,,,1,1,2010
CAVAN / MONAGHAN,SCOTSTOWN,,,,,1,2,3,2010
CAVAN / MONAGHAN,CARRIGART,,,,,1,2,3,2010
CAVAN / MONAGHAN,CHURCHILL,,,,,,1,1,2010
CAVAN / MONAGHAN,CRAOSLOCH,,,,,,1,1,2010
CAVAN / MONAGHAN,DUNFANAGHY,,,,,,3,3,2010
DONEGAL,AN FÁL CARRACH,,,,,1,7,8,2010
CAVAN / MONAGHAN,KERRYKEEL,,,,,1,3,4,2010
CAVAN / MONAGHAN,KILMACRENNAN,,,,,1,1,2,2010
CAVAN / MONAGHAN,MILFORD,,,1,,2,24,27,2010
CAVAN / MONAGHAN,RAMELTON,,,,,1,3,4,2010
CAVAN / MONAGHAN,RATHMULLEN,,,,,,1,1,2010
CORK NORTH,BALLYCOTTON,,,,,,1,1,2010
CORK NORTH,CLOYNE,,,,,,1,1,2010
CORK NORTH,KILLEAGH,,,,,,1,1,2010
CORK NORTH,MIDLETON,,,1,2,8,43,54,2010
CORK NORTH,WHITEGATE,,,,,,1,1,2010
CORK NORTH,YOUGHAL,,,,,5,19,24,2010
CORK CITY,MALLOW ROAD,,,,,1,4,5,2010
CORK CITY,MAYFIELD,,,1,1,8,49,59,2010
CORK CITY,WATERCOURSE ROAD,,,,,6,42,48,2010
SLIGO / LEITRIM,DROMAHAIR,,,,,1,2,3,2010
SLIGO / LEITRIM,DRUMKERRIN,,,,,1,2,3,2010
SLIGO / LEITRIM,DRUMSHAMBO,,,,,,4,4,2010
SLIGO / LEITRIM,GLENFARNE,,,,,,1,1,2010
SLIGO / LEITRIM,KILTYCLOGHER,,,,,,1,1,2010
SLIGO / LEITRIM,KINLOUGH,,,,,1,4,5,2010
SLIGO / LEITRIM,MANORHAMILTON,,,1,,3,16,20,2010
CORK NORTH,BUTTEVANT,,,,,,2,2,2010
CORK NORTH,CHARLEVILLE,,,,,3,15,18,2010
CORK NORTH,DONERAILE,,,,,,2,2,2010
CORK NORTH,GLANTAINE,,,,,,1,1,2010
CORK NORTH,MALLOW,,,1,1,7,37,46,2010
CORK NORTH,MILFORD,,,,,1,1,2,2010
CORK WEST,TIMOLEAGUE,,,,,,1,1,2010
CORK WEST,TARELTON,,,,,,1,1,2010
CORK WEST,STUAKE,,,,,,1,1,2010
CORK WEST,SKIBBEREEN,,,,,2,8,10,2010
CORK WEST,SCHULL,,,,,1,3,4,2010
CORK WEST,ROSSCARBERY,,,,,,2,2,2010
CORK WEST,RATHMORE,,,,,,1,1,2010
CORK WEST,NEWMARKET,,,,,1,2,3,2010
D.M.R. WEST,LUCAN,,,1,3,9,67,80,2010
D.M.R. WEST,RONANSTOWN,,,,1,14,81,96,2010
GALWAY,MAAM,,,,,,2,2,2010
GALWAY,LOUGHREA,,,1,1,5,32,39,2010
GALWAY,LOUGH GEORGE,,,,,,1,1,2010
GALWAY,LETTERFRACK,,,,,,1,1,2010
GALWAY,LENNAUN,,,,,,1,1,2010
GALWAY,LEITIR MOR,,,,,,1,1,2010
GALWAY,KINVARA,,,,,1,1,2,2010
GALWAY,KILRICKLE,,,,,,1,1,2010
ROSCOMMON / LONGFORD,BALLYMAHON,,,,,1,5,6,2010
ROSCOMMON / LONGFORD,KENAGH,,,,,,1,1,2010
ROSCOMMON / LONGFORD,LANESBORO,,,,,2,4,6,2010
ROSCOMMON / LONGFORD,LONGFORD,,,1,1,10,50,62,2010
ROSCOMMON / LONGFORD,NEWTOWNCASHEL,,,,,,1,1,2010
KERRY,BALLYBUNION,,,,,2,8,10,2010
KERRY,BALLYDUFF,,,,,,1,1,2010
KERRY,BALLYHEIGUE,,,,,1,1,2,2010
KERRY,BALLYLONGFORD,,,,,,1,1,2010
KERRY,BROSNA,,,,,,1,1,2010
KERRY,KNOCKNAGOSHALL,,,,,,1,1,2010
KERRY,LISTOWEL,,,1,1,6,30,38,2010
KERRY,LIXNAW,,,,,,1,1,2010
KERRY,MOYVANE,,,,,1,1,2,2010
KERRY,TARBERT,,,,,,1,1,2010
DONEGAL,RAPHOE,,,,,1,1,2,2010
DONEGAL,PETTIGO,,,,,,1,1,2010
DONEGAL,NEWTOWNCUNNINGHAM,,,,,1,3,4,2010
DONEGAL,NA CEALLA BEAGA,,,,,1,5,6,2010
DONEGAL,MUFF,,,,,1,3,4,2010
DONEGAL,MOVILLE,,,,,1,5,6,2010
DONEGAL,MOUNTCHARLES,,,,,,1,1,2010
DONEGAL,MALIN,,,,,,4,4,2010
DONEGAL,LIFFORD,,,,,2,14,16,2010
KILDARE,CARBURY,,,,,,4,4,2010
KILDARE,CELBRIDGE,,,,,2,16,18,2010
KILDARE,KILCOCK,,,,,,8,8,2010
KILDARE,LEIXLIP,,,1,1,5,28,35,2010
KILDARE,MAYNOOTH,,,,,1,14,15,2010
MEATH,DULEEK,,,,,1,3,4,2010
MEATH,LAYTOWN,,,1,,4,20,25,2010
CLARE,CARRIGAHOLT,,,,,,1,1,2010
CLARE,DOONBEG,,,,,,1,1,2010
CLARE,KILDYSART,,,,,1,2,3,2010
CLARE,KILKEE,,,,,1,2,3,2010
CLARE,KILMIHIL,,,,,,1,1,2010
CLARE,KILRUSH,,,1,,2,26,29,2010
CLARE,LABASHEEDA,,,,,,1,1,2010
KERRY,CASTLEISLAND,,,,,2,10,12,2010
KERRY,FARRANFORE,,,,,,2,2,2010
KERRY,KENMARE,,,,,1,8,9,2010
KERRY,KILGARVAN,,,,,,1,1,2010
KERRY,KILLARNEY,,,1,1,9,59,70,2010
KERRY,LAURAGH,,,,,,1,1,2010
CLARE,BROADFORD,,,,,,1,1,2010
CLARE,KILLALOE,,,,,5,27,32,2010
CLARE,MOUNTSHANNON,,,,,,1,1,2010
CLARE,SCARIFF,,,,,1,4,5,2010
CLARE,TULLA,,,,,,2,2,2010
KILKENNY/CARLOW,CALLAN,,,,,1,5,6,2010
KILKENNY/CARLOW,CASTLECOMER,,,,,3,11,14,2010
KILKENNY/CARLOW,FRESHFORD,,,,,,1,1,2010
KILKENNY/CARLOW,JOHNSTOWN,,,,,2,1,3,2010
KILKENNY/CARLOW,KILKENNY,1,1,2,3,12,86,105,2010
KILKENNY/CARLOW,URLINGFORD,,,,,,1,1,2010
KILDARE,ATHY,,,,1,5,23,29,2010
KILDARE,BALLYTORE,,,,,,2,2,2010
KILDARE,CASTLEDERMOT,,,,,1,2,3,2010
KILDARE,KILDARE,,,1,1,4,27,33,2010
KILDARE,MONASTEREVIN,,,,,1,3,4,2010
KILDARE,NEWBRIDGE,,,,,6,39,45,2010
KILDARE,RATHANGAN,,,,,1,3,4,2010
D.M.R. SOUTH CENTRAL,KEVIN STREET,,,1,6,13,136,156,2010
D.M.R. SOUTH CENTRAL,KILMAINHAM,,,,,16,67,83,2010
MEATH,BAILE ÁTHA BUÍ,,,,,1,4,5,2010
MEATH,CROSSAKEEL,,,,,,1,1,2010
MEATH,KELLS,,,1,,8,43,52,2010
MEATH,OLDCASTLE,,,,,1,3,4,2010
CORK WEST,MILLSTREET,,,,,2,10,12,2010
CORK WEST,MEELIN,,,,,,1,1,2010
CORK WEST,MACROOM,,,1,1,6,35,43,2010
CORK WEST,KNOCKNAGREE,,,,,,1,1,2010
CORK WEST,KINSALE,,,,,3,13,16,2010
CORK WEST,KILBRITTAIN,,,,,,1,1,2010
CORK WEST,KEALKIL,,,,,,1,1,2010
LIMERICK,ARDNACRUSHA,,,,,,3,3,2010
LIMERICK,CASTLECONNELL,,,,,1,3,4,2010
LIMERICK,HENRY STREET,,1,2,7,35,217,262,2010
LIMERICK,MARY STREET,,,,,2,19,21,2010
LIMERICK,MAYORSTONE PARK,,,,1,12,73,86,2010
CORK CITY,BALLINCOLLIG,,,,,3,20,23,2010
CORK CITY,BLARNEY,,,,,2,14,16,2010
CORK CITY,GURRANABRAHER,,,1,1,6,52,60,2010
CORK CITY,RATHDUFF GRENAGH,,,,,,2,2,2010
ROSCOMMON / LONGFORD,ARDAGH,,,,,,1,1,2010
ROSCOMMON / LONGFORD,BALLINALEE,,,,,,2,2,2010
ROSCOMMON / LONGFORD,DRUMLISH,,,,,,2,2,2010
ROSCOMMON / LONGFORD,EDGEWORTHSTOWN,,,,,1,6,7,2010
ROSCOMMON / LONGFORD,GRANARD,,,1,,5,23,29,2010
ROSCOMMON / LONGFORD,SMEAR,,,,,,1,1,2010
GALWAY,KILLIMOR,,,,,,1,1,2010
GALWAY,KILCONNELL,,,,,,1,1,2010
GALWAY,KILCONLY,,,,,,1,1,2010
GALWAY,KILCOLGAN,,,,,,1,1,2010
GALWAY,INVERIN,,,,,,1,1,2010
GALWAY,HEADFORD,,,,,1,4,5,2010
WEXFORD,BUNCLODY,,,,,2,6,8,2010
WEXFORD,COURTOWN HARBOUR,,,,,,2,2,2010
WEXFORD,GOREY,,,1,1,8,43,53,2010
DONEGAL,LETTERKENNY,,1,1,4,18,90,114,2010
DONEGAL,GLENTIES,,,1,1,3,24,29,2010
DONEGAL,DUNGLOE,,,,,2,7,9,2010
DONEGAL,DONEGAL TOWN,,,,,5,29,34,2010
DONEGAL,CONVOY,,,,,1,3,4,2010
DONEGAL,CLOUGHER,,,,,,1,1,2010
DONEGAL,CLONMANY,,,,,,2,2,2010
DONEGAL,CASTLEFIN,,,,,1,3,4,2010
GALWAY,GORT,,,1,,4,23,28,2010
GALWAY,GLENAMADDY,,,,,,1,1,2010
GALWAY,GALWAY,1,1,3,7,27,175,214,2010
GALWAY,EYRECOURT,,,,,,1,1,2010
GALWAY,DUNMORE,,,,,2,4,6,2010
GALWAY,CREGGS,,,,,,1,1,2010
D.M.R. NORTH CENTRAL,FITZGIBBON STREET,,,1,4,14,96,115,2010
D.M.R. NORTH CENTRAL,MOUNTJOY,,,,,11,89,100,2010
CORK NORTH,BALLYNOE,,,,,,1,1,2010
CORK NORTH,CASTLETOWNROCHE,,,,,,2,2,2010
CORK NORTH,FERMOY,,1,1,1,10,47,60,2010
CORK NORTH,KILDORRERY,,,,,,1,1,2010
CORK NORTH,KILWORTH,,,,,,2,2,2010
CORK NORTH,MITCHELSTOWN,,,,,3,20,23,2010
CORK NORTH,RATHCORMAC,,,,,,1,1,2010
CLARE,BALLYVAUGHAN,,,,,,1,1,2010
CLARE,COROFIN,,,,,,2,2,2010
CLARE,ENNISTYMON,,,1,,2,20,23,2010
CLARE,INAGH,,,,,,1,1,2010
CLARE,LAHINCH,,,,,1,2,3,2010
CLARE,LISDOONVARNA,,,,,1,1,2,2010
CLARE,MILTOWN MALBAY,,,,,1,2,3,2010
WEXFORD,BLACKWATER,,,,,1,2,3,2010
WEXFORD,CLONROCHE,,,,,1,1,2,2010
WEXFORD,ENNISCORTHY,,,1,1,6,32,40,2010
WEXFORD,FERNS,,,,,1,2,3,2010
WEXFORD,KILTEALY,,,,,,1,1,2010
WEXFORD,OULART,,,,,,1,1,2010
WEXFORD,OYLEGATE,,,,,1,2,3,2010
CLARE,CRUSHEEN,,,,,,2,2,2010
CLARE,ENNIS,,1,1,4,15,104,125,2010
CLARE,IMMIGRATION OFFICE,,,,,,6,6,2010
CLARE,LISSYCASEY,,,,,,1,1,2010
CLARE,NEWMARKET ON FERGUS,,,,,1,3,4,2010
CLARE,QUIN,,,,,,2,2,2010
CLARE,SHANNON,,,,1,8,52,61,2010
CLARE,SIXMILEBRIDGE,,,,,1,3,4,2010
WATERFORD,AGLISH,,,,,,1,1,2010
WATERFORD,ARDMORE,,,,,,2,2,2010
WATERFORD,BALLYDUFF,,,,,1,,1,2010
WATERFORD,BALLYMACARBERRY,,,,,,2,2,2010
WATERFORD,CAPPOQUIN,,,,,,2,2,2010
WATERFORD,DUNGARVAN,,,1,1,7,41,50,2010
WATERFORD,LISMORE,,,,,1,4,5,2010
WATERFORD,RING,,,,,,1,1,2010
WATERFORD,TALLOW,,,,,1,2,3,2010
LOUTH,BLACKROCK,,,,,1,4,5,2010
LOUTH,CARLINGFORD,,,,,1,5,6,2010
LOUTH,DROMAD,,,,,1,6,7,2010
LOUTH,DUNDALK,,,1,3,21,108,133,2010
LOUTH,HACKBALLSCROSS,,,,,2,6,8,2010
LOUTH,OMEATH,,,,,1,4,5,2010
D.M.R. EAST,CABINTEELY,,,,1,6,32,39,2010
D.M.R. EAST,DALKEY,,,,,2,29,31,2010
D.M.R. EAST,DUN LAOGHAIRE,,1,2,3,19,87,112,2010
D.M.R. EAST,KILL-O-GRANGE,,,,,2,26,28,2010
D.M.R. EAST,SHANKILL,,,,1,10,47,58,2010
LOUTH,CLOUGHERHEAD,,,,,1,3,4,2010
LOUTH,DROGHEDA,,1,1,1,13,84,100,2010
LOUTH,DUNLEER,,,,,1,4,5,2010
D.M.R. SOUTH CENTRAL,DONNYBROOK,,,1,3,12,115,131,2010
D.M.R. SOUTH CENTRAL,IRISHTOWN,,,,1,9,45,55,2010
D.M.R. SOUTH,CRUMLIN,,1,2,5,17,82,107,2010
D.M.R. SOUTH,SUNDRIVE ROAD,,,,,11,66,77,2010
D.M.R. NORTH,COOLOCK,,,1,5,13,101,120,2010
D.M.R. NORTH,MALAHIDE,,,,,5,32,37,2010
D.M.R. NORTH,SWORDS,,,,1,12,71,84,2010
CORK NORTH,CARRIG NA BHFEAR,,,,,,1,1,2010
CORK NORTH,CARRIGTWOHILL,,,,,1,2,3,2010
CORK NORTH,COBH,,,1,1,6,31,39,2010
CORK NORTH,GLANMIRE,,,,,4,17,21,2010
CORK NORTH,GLENVILLE,,,,,,1,1,2010
CORK NORTH,WATERGRASSHILL,,,,,,1,1,2010
TIPPERARY,CARRICK-ON-SUIR,,,,,1,14,15,2010
TIPPERARY,CLONMEL,,,1,1,6,43,51,2010
TIPPERARY,FETHARD,,,,,1,2,3,2010
TIPPERARY,GRANGEMOCKLER,,,,,,1,1,2010
TIPPERARY,KILSHEELAN,,,,,,1,1,2010
D.M.R. WEST,BALLYFERMOT,,,,2,13,84,99,2010
D.M.R. WEST,CLONDALKIN,,,1,3,13,83,100,2010
D.M.R. WEST,RATHCOOLE,,,,,2,26,28,2010
CORK WEST,KANTURK,,,1,,4,27,32,2010
CORK WEST,INNISHANNON,,,,,,1,1,2010
CORK WEST,INCHIGEELA,,,,,,1,1,2010
CORK WEST,GOLEEN,,,,,,1,1,2010
CORK WEST,GLENGARRIFF,,,,,,1,1,2010
CORK WEST,DURRUS,,,,,,1,1,2010
GALWAY,CRAUGHWELL,,,,,1,5,6,2010
GALWAY,COROFIN,,,,,1,,1,2010
GALWAY,cloch na ron,,,,,,1,1,2010
GALWAY,CLIFDEN,,,1,,4,25,30,2010
GALWAY,CILL RONAIN,,,,,1,2,3,2010
GALWAY,An Cheathru Rua,,,,,1,3,4,2010
GALWAY,CARNA,,,,,1,1,2,2010
MAYO,BALLINDINE,,,,,,1,1,2010
MAYO,BALLINROBE,,,,,2,7,9,2010
MAYO,CLAREMORRIS,,,1,,5,30,36,2010
MAYO,CONG,,,,,,1,1,2010
MAYO,HOLLYMOUNT,,,,,,1,1,2010
MAYO,KNOCK,,,,,1,1,2,2010
MAYO,SHRULE,,,,,,1,1,2010
CAVAN / MONAGHAN,ARVA,,,,,1,2,3,2010
CAVAN / MONAGHAN,BALLINAGH,,,,,1,2,3,2010
CAVAN / MONAGHAN,CAVAN,,,1,2,10,56,69,2010
CAVAN / MONAGHAN,KILNALECK,,,,,1,3,4,2010
CAVAN / MONAGHAN,REDHILLS,,,,,,1,1,2010
CAVAN / MONAGHAN,STRADONE,,,,,,1,1,2010
ROSCOMMON / LONGFORD,BALLAGHADERREEN,,,,,1,6,7,2010
ROSCOMMON / LONGFORD,BALLINLOUGH,,,,,,2,2,2010
ROSCOMMON / LONGFORD,BALLINTUBBER,,,,,,1,1,2010
ROSCOMMON / LONGFORD,CASTLEREA,,,1,1,6,27,35,2010
ROSCOMMON / LONGFORD,FRENCHPARK,,,,,1,2,3,2010
ROSCOMMON / LONGFORD,LOUGHGLYNN,,,,,,1,1,2010
ROSCOMMON / LONGFORD,TULSK,,,,,,1,1,2010
MAYO,BALLA,,,,,1,1,2,2010
MAYO,BALLYGLASS,,,,,,1,1,2010
MAYO,BALLYVARY,,,,,,1,1,2010
MAYO,CASTLEBAR,,1,,2,14,56,73,2010
MAYO,GARDA INFO SERVICES,,,,1,2,,3,2010
MAYO,PARTRY,,,,,1,1,2,2010
MAYO,TOURMAKEADY,,,,,,1,1,2010
CAVAN / MONAGHAN,BALLYBAY,,,,,1,4,5,2010
CAVAN / MONAGHAN,CARRICKMACROSS,,,1,1,7,42,51,2010
CAVAN / MONAGHAN,CASTLEBLANEY,,,,,4,20,24,2010
CAVAN / MONAGHAN,CORRINSHIGAGH,,,,,1,1,2,2010
CAVAN / MONAGHAN,ROCKCORRY,,,,,,1,1,2010
CAVAN / MONAGHAN,SHANTONAGH,,,,,1,1,2,2010
SLIGO / LEITRIM,BALLINAMORE,,,,,1,5,6,2010
SLIGO / LEITRIM,CARRICK-ON-SHANNON,,,1,1,5,37,44,2010
SLIGO / LEITRIM,CARRIGALLEN,,,,,,1,1,2010
SLIGO / LEITRIM,CLOONE,,,,,,1,1,2010
SLIGO / LEITRIM,DROMOD,,,,,,1,1,2010
SLIGO / LEITRIM,KESHCARRIGAN,,,,,,1,1,2010
SLIGO / LEITRIM,MOHILL,,,,,,5,5,2010
KILKENNY/CARLOW,BALLON,,,,,,1,1,2010
KILKENNY/CARLOW,BORRIS,,,,,,2,2,2010
KILKENNY/CARLOW,CARLOW,,,1,1,9,66,77,2010
KILKENNY/CARLOW,HACKETSTOWN,,,,,,1,1,2010
KILKENNY/CARLOW,LEIGHLINBRIDGE,,,,,,2,2,2010
KILKENNY/CARLOW,MUINEBHEAG,,,,,2,9,11,2010
KILKENNY/CARLOW,MYSHALL,,,,,,1,1,2010
KILKENNY/CARLOW,RATHVILLY,,,,,,1,1,2010
KILKENNY/CARLOW,TULLOW,,,,,2,16,18,2010
TIPPERARY,ARDFINNAN,,,,,1,1,2,2010
TIPPERARY,BALLYPOREEN,,,,,,1,1,2010
TIPPERARY,CAHIR,,,1,1,5,36,43,2010
TIPPERARY,CASHEL,,,,,3,11,14,2010
TIPPERARY,CLOGHEEN,,,,,,1,1,2010
TIPPERARY,NEW INN,,,,,,1,1,2010
KERRY,BALLINSKELLIGS,,,,,,1,1,2010
KERRY,CAHERCIVEEN,,,1,,3,20,24,2010
KERRY,CASTLEMAINE,,,,,,1,1,2010
KERRY,GLENBEIGH,,,,,,1,1,2010
KERRY,KILLORGLIN,,,,,3,10,13,2010
KERRY,PORTMAGEE,,,,,,1,1,2010
KERRY,SNEEM,,,,,1,1,2,2010
KERRY,VALENTIA ISLAND,,,,,,1,1,2010
KERRY,WATERVILLE,,,,,,1,1,2010
DONEGAL,CARRIGANS,,,,,1,4,5,2010
DONEGAL,CARRICK,,,,,1,1,2,2010
DONEGAL,CARNDONAGH,,,,,1,2,3,2010
DONEGAL,Ailt an Chorrain,,,,,,1,1,2010
DONEGAL,BURNFOOT,,,,,1,4,5,2010
DONEGAL,BUNDORAN,,,,,1,7,8,2010
DONEGAL,BUNCRANA,,,1,1,6,49,57,2010
LIMERICK,BALLYLANDERS,,,,,,1,1,2010
LIMERICK,BRUFF,,,1,,4,19,24,2010
LIMERICK,BRUREE,,,,,,1,1,2010
LIMERICK,CAPPAMORE,,,,,1,1,2,2010
LIMERICK,DOON,,,,,,1,1,2010
LIMERICK,GALBALLY,,,,,,1,1,2010
LIMERICK,HOSPITAL,,,,,,1,1,2010
LIMERICK,KILFINANE,,,,,,1,1,2010
LIMERICK,KILMALLOCK,,,,,1,5,6,2010
LIMERICK,MURROE,,,,,,3,3,2010
LIMERICK,OOLA,,,,,,1,1,2010
LIMERICK,pallasgreen,,,,,,2,2,2010
D.M.R. NORTH CENTRAL,BRIDEWELL,,,1,7,32,138,178,2010
D.M.R. NORTH CENTRAL,FIXED PENALTY OFFICE,,,,,,1,1,2010
WICKLOW,BRAY,,1,1,5,16,110,133,2010
WICKLOW,ENNISKERRY,,,,,1,5,6,2010
WICKLOW,GREYSTONES,,,,,5,31,36,2010
WICKLOW,NEWTOWNMOUNTKENNEDY,,,,,1,2,3,2010
ROSCOMMON / LONGFORD,BOYLE,,,1,,4,23,28,2010
ROSCOMMON / LONGFORD,COOTEHALL,,,,,,1,1,2010
ROSCOMMON / LONGFORD,ELPHIN,,,,,1,1,2,2010
ROSCOMMON / LONGFORD,KEADUE,,,,,,1,1,2010
ROSCOMMON / LONGFORD,ROOSKY,,,,,1,2,3,2010
ROSCOMMON / LONGFORD,STROKESTOWN,,,,,1,3,4,2010
ROSCOMMON / LONGFORD,TARMONBARRY,,,,,,2,2,2010
D.M.R. WEST,BLANCHARDSTOWN,,1,2,4,31,157,195,2010
D.M.R. WEST,CABRA,,,,,8,60,68,2010
D.M.R. WEST,FINGLAS,,,,3,14,105,122,2010
D.M.R. EAST,BLACKROCK,,,,4,12,80,96,2010
D.M.R. EAST,DUNDRUM,,,,1,9,68,78,2010
D.M.R. EAST,STEPASIDE,,,,,3,28,31,2010
LAOIS / OFFALY,BANAGHER,,,,,1,4,5,2010
LAOIS / OFFALY,BIRR,,,1,,6,23,30,2010
LAOIS / OFFALY,CLOGHAN,,,,,,1,1,2010
LAOIS / OFFALY,FERBANE,,,,,1,4,5,2010
LAOIS / OFFALY,KILCORMAC,,,,,,2,2,2010
LAOIS / OFFALY,KINNITTY,,,,,,1,1,2010
LAOIS / OFFALY,SHANNONBRIDGE,,,,,,1,1,2010
LAOIS / OFFALY,SHINRONE,,,,,,2,2,2010
MAYO,BALLYCROY,,,,,,1,1,2010
MAYO,BANGOR ERRIS,,,,,1,2,3,2010
MAYO,BELLACORICK,,,,,,1,1,2010
MAYO,BÉAL AN MHUIRTHEAD,,,1,1,3,14,19,2010
MAYO,BLACKSOD,,,,,,1,1,2010
MAYO,GLENAMOY,,,,,,1,1,2010
CORK WEST,DUNMANWAY,,,,,1,7,8,2010
CORK WEST,DRINAGH,,,,,,1,1,2010
CORK WEST,DRIMOLEAGUE,,,,,,1,1,2010
CORK WEST,CROOKSTOWN,,,,,1,5,6,2010
CORK WEST,COACHFORD,,,,,1,1,2,2010
CORK WEST,CLONAKILTY,,,1,1,4,22,28,2010
CORK WEST,CASTLETOWNBERE,,,,,1,3,4,2010
CORK WEST,BOHERBUE,,,,,,1,1,2010
CORK WEST,BANTRY,,,1,1,4,29,35,2010
CORK WEST,BANDON,,1,1,3,13,67,85,2010
CORK WEST,BALTIMORE,,,,,,1,1,2010
CORK WEST,BALLYVOURNEY,,,,,1,2,3,2010
CORK WEST,BALLYFEARD,,,,,,1,1,2010
CORK WEST,BALLYDEHOB,,,,,,1,1,2010
CORK WEST,BALLINHASSIG,,,,,,2,2,2010
CORK WEST,BÉAL ÁTHA AN GHAORTHA,,,,,,1,1,2010
CORK WEST,BALLINEEN,,,,,,2,2,2010
CORK WEST,ADRIGOLE,,,,,,1,1,2010
WICKLOW,BALTINGLASS,,,1,1,6,31,39,2010
WICKLOW,BLESSINGTON,,,,,2,15,17,2010
WICKLOW,CARNEW,,,,,1,3,4,2010
WICKLOW,DONARD,,,,,,1,1,2010
WICKLOW,DUNLAVIN,,,,,,2,2,2010
WICKLOW,HOLLYWOOD,,,,,,1,1,2010
WICKLOW,SHILLELAGH,,,,,,1,1,2010
WICKLOW,TINAHELY,,,,,,2,2,2010
DONEGAL,BUNBEAG,,,,,1,10,11,2010
DONEGAL,BROCACH,,,,,,1,1,2010
DONEGAL,BALLYSHANNON,,,1,1,7,38,47,2010
DONEGAL,BALLYBOFEY,,,,,3,22,25,2010
DONEGAL,BALLINTRA,,,,,,2,2,2010
DONEGAL,ARD AN RÁTHA,,,,,1,2,3,2010
DONEGAL,ANNAGRY,,,,,,1,1,2010
D.M.R. NORTH,BALLYMUN,,1,1,2,24,100,128,2010
D.M.R. NORTH,DUBLIN AIRPORT,,,,,4,18,22,2010
D.M.R. NORTH,SANTRY,,,,3,9,70,82,2010
D.M.R. NORTH,WHITEHALL,,,,2,6,36,44,2010
SLIGO / LEITRIM,ACLARE,,,,,1,1,2,2010
SLIGO / LEITRIM,BALLYFARNAN,,,,,,1,1,2010
SLIGO / LEITRIM,BALLYMOTE,,,,1,3,23,27,2010
SLIGO / LEITRIM,BUNNANADDEN,,,,,,1,1,2010
SLIGO / LEITRIM,EASKEY,,,,,,2,2,2010
SLIGO / LEITRIM,ENNISCRONE,,,,,1,4,5,2010
SLIGO / LEITRIM,GURTEEN,,,,,1,1,2,2010
SLIGO / LEITRIM,RIVERSTOWN,,,,,1,1,2,2010
SLIGO / LEITRIM,TUBBERCURRY,,,,,1,6,7,2010
CAVAN / MONAGHAN,BALLYCONNELL,,,1,,5,23,29,2010
CAVAN / MONAGHAN,BAWNBOY,,,,,,1,1,2010
CAVAN / MONAGHAN,BELTURBET,,,,,1,3,4,2010
CAVAN / MONAGHAN,BLACKLION,,,,,1,3,4,2010
CAVAN / MONAGHAN,DOWRA,,,,,1,,1,2010
CAVAN / MONAGHAN,KILLESHANDRA,,,,,1,1,2,2010
CAVAN / MONAGHAN,SWANLINBAR,,,,,1,1,2,2010
GALWAY,CARN DOLLA,,,,,,1,1,2010
GALWAY,BARNADERG,,,,,,1,1,2010
GALWAY,BALLYMOE,,,,,,1,1,2010
GALWAY,BALLYGAR,,,,,1,1,2,2010
GALWAY,BALLINASLOE,,,1,1,7,38,47,2010
GALWAY,ATHENRY,,,,,1,4,5,2010
GALWAY,ARDRAHAN,,,,,,1,1,2010
MAYO,BALLINA,,,1,1,5,41,48,2010
MAYO,BALLYCASTLE,,,,,,1,1,2010
MAYO,CROSSMOLINA,,,,,1,3,4,2010
MAYO,KILLALA,,,,,,1,1,2010
MAYO,LAHARDANE,,,,,,1,1,2010
D.M.R. NORTH,BALBRIGGAN,,,1,3,6,58,68,2010
D.M.R. NORTH,GARRISTOWN,,,,,1,2,3,2010
D.M.R. NORTH,LUSK,,,,,1,6,7,2010
D.M.R. NORTH,RUSH,,,,,1,4,5,2010
D.M.R. NORTH,SKERRIES,,,,,1,10,11,2010
CAVAN / MONAGHAN,BAILIEBORO,,,1,1,8,30,40,2010
CAVAN / MONAGHAN,BALLYJAMESDUFF,,,,,1,3,4,2010
CAVAN / MONAGHAN,COOTEHILL,,,,,1,8,9,2010
CAVAN / MONAGHAN,KINGSCOURT,,,,,1,5,6,2010
CAVAN / MONAGHAN,MULLAGH,,,,,,1,1,2010
CAVAN / MONAGHAN,SHERCOCK,,,,,1,1,2,2010
CAVAN / MONAGHAN,VIRGINIA,,,,,1,4,5,2010
WESTMEATH,ATHLONE,,,1,2,8,56,67,2010
WESTMEATH,BALLINAHOWN,,,,,,1,1,2010
WESTMEATH,BALLYMORE,,,,,,2,2,2010
WESTMEATH,GLASSON,,,,,,2,2,2010
WESTMEATH,KILBEGGAN,,,,,1,3,4,2010
WESTMEATH,MOATE,,,,,3,14,17,2010
LIMERICK,ADARE,,,,,,2,2,2010
LIMERICK,ASKEATON,,,1,,3,18,22,2010
LIMERICK,CROOM,,,,,1,3,4,2010
LIMERICK,FOYNES,,,,,,1,1,2010
LIMERICK,GLIN,,,,,,1,1,2010
LIMERICK,PALLASKENRY,,,,,,1,1,2010
LIMERICK,RATHKEALE,,,,,1,6,7,2010
LIMERICK,SHANAGOLDEN,,,,,,1,1,2010
MEATH,ASHBOURNE,,,1,1,7,39,48,2010
MEATH,DUNBOYNE,,,,,1,15,16,2010
MEATH,DUNSHAUGHLIN,,,,,4,20,24,2010
LOUTH,ARDEE,,,1,1,7,22,31,2010
LOUTH,CASTLEBELLINGHAM,,,,,,3,3,2010
LOUTH,COLLON,,,,,1,5,6,2010
LOUTH,LOUTH,,,,,1,,1,2010
CORK CITY,ANGLESEA STREET,1,1,3,9,42,219,275,2010
CORK CITY,BARRACK STREET,,,,,5,16,21,2010
CORK CITY,BLACKROCK,,,,,4,26,30,2010
CORK CITY,BRIDEWELL,,,,,5,17,22,2010
LAOIS / OFFALY,ABBEYLEIX,,,,,5,21,26,2010
LAOIS / OFFALY,ARLES,,,,,,2,2,2010
LAOIS / OFFALY,BALLACOLLA,,,,,,1,1,2010
LAOIS / OFFALY,BALLINAKILL,,,,,,1,1,2010
LAOIS / OFFALY,BALLYLINAN,,,,,1,3,4,2010
LAOIS / OFFALY,BORRIS-IN-OSSORY,,,,,,1,1,2010
LAOIS / OFFALY,DURROW,,,,,,2,2,2010
LAOIS / OFFALY,RATHDOWNEY,,,,,1,3,4,2010